instance_id,constructor,benchmark,domain,g_ibp,unstable_fraction,margin_hat_min,a_tau,d_eff,y_timeout,delta,delta_sd,delta_lo,delta_hi
meap1,MEAP,sweep_all,synthetic,40.99999250842064,0.5714285714285714,0.0010000001639127731,0.6931471805599453,70.7494756344799,0,-0.2778107151221798,0.15880252958793953,-0.5844482763625265,0.0023110015912030735
meap2,MEAP,sweep_all,synthetic,645.0449640723831,0.9523809523809523,0.0010000000474974513,3.6888794541139363,63.725779352993605,1,-0.01583234301731662,0.12158399636858767,-0.3179042605362636,0.2426691690144186
meap3,MEAP,sweep_all,synthetic,1322.3931873338656,0.9763779527559056,0.0010000000474974513,4.330733340286331,64.18625208811567,1,0.011751136255494288,0.17060907199333655,-0.2867228667786802,0.5037798169973687
meap4,MEAP,sweep_all,synthetic,5365.0897056746335,0.9941291585127201,0.0010000000474974513,5.645446897643238,64.26292620454478,1,0.18503039007684308,0.29486295627291914,-0.05165767592934589,0.932133691062495
meap5,MEAP,sweep_all,synthetic,724.0898983263686,0.9523809523809523,0.0010000000474974513,3.8066624897703196,63.972233029333005,1,0.0857502814938651,0.09771643820354485,-0.1761436692892794,0.2127660555712896
meap6,MEAP,sweep_all,synthetic,645.0449640723831,0.9523809523809523,0.0010000000474974513,3.58351893845611,63.80700695860285,1,0.0857502814938651,0.10908777610638111,-0.2383535174852783,0.23031729824576597
meap7,MEAP,sweep_all,synthetic,630.999905072594,1.0,0.0010000000474974513,3.5263605246161616,63.532074052345926,1,-0.10106469429605991,0.18294553079948697,-0.5293205895108183,0.14844299799627725
meap8,MEAP,sweep_all,synthetic,630.999905072594,1.0,0.0010000000474974513,3.4657359027997265,63.27714266667052,1,-0.10106469429605991,0.20834252627452396,-0.5957885849059601,0.16517107393629096
meap9,MEAP,sweep_all,synthetic,645.0449640723831,0.9523809523809523,0.0010000000474974513,3.5553480614894135,63.7356139149746,1,-0.008039038973650103,0.10879190857669084,-0.2189636714142578,0.23408993534886524
meap10,MEAP,sweep_all,synthetic,645.0449604239334,0.9523809523809523,9.999999747378752e-05,3.58351893845611,63.467704338576624,1,0.0857502814938651,0.103046386724247,-0.24903920968089482,0.23767851631638104
meap11,MEAP,sweep_all,synthetic,645.0449023698914,0.9523809523809523,9.999999747378752e-06,3.6635616461296463,63.52820945876017,0,-0.008039038973650103,0.04604828377430792,-0.13775951363911929,0.03743787430946818
meap12,MEAP,sweep_all,synthetic,645.0449829095112,0.9523809523809523,1.0,3.58351893845611,63.43706717714754,1,0.2724895851377356,0.13840346944017867,-0.21607379794041834,0.37138042840355767
meap13,MEAP,sweep_all,synthetic,40.99999250842064,0.5714285714285714,0.0010000001639127731,0.6931471805599453,70.75047898794142,0,-0.14358834247962027,0.1680942121402203,-0.538672626587827,0.002419693270932535
meap14,MEAP,sweep_all,synthetic,645.0449999999936,0.9523809523809523,100.0,3.5553480614894135,63.46136499900791,1,0.05851960560254321,0.13948373135186892,-0.22153780423652378,0.4025330101174631
milp1,MILP,sweep_all,synthetic,13.56779918317475,0.8333333333333334,0.04671812057495117,3.2188758248682006,32.35174663335047,0,-0.1274113326922525,0.10896453096396917,-0.3105809886269078,0.0995684755283443
milp2,MILP,sweep_all,synthetic,143.4963851606485,0.9666666666666667,0.009411066770553589,4.23410650459726,32.992183582693706,0,-0.18832486635298817,0.16298492666034714,-0.27898892059995034,0.37028545607957786
milp3,MILP,sweep_all,synthetic,853.1880497300713,0.9666666666666667,0.001780688762664795,4.465908118654584,32.72965686580451,0,0.1383912737335717,0.19548330308468923,-0.25345890885572725,0.6574803590933174
milp4,MILP,sweep_all,synthetic,1478.6321270908015,0.9666666666666667,0.0010389089584350586,4.553876891600541,32.99541444196227,0,0.06487205581599367,0.20471442532111903,-0.19476677620638938,0.6645139966830775
milp5,MILP,sweep_all,synthetic,1412.2381903730816,0.9666666666666667,0.0010890364646911621,4.605170185988092,32.895947438980755,0,0.24968779017550038,0.21528402067558533,-0.16356481677040982,0.6948653560177729
milp6,MILP,sweep_all,synthetic,1349.7992037948704,0.9666666666666667,0.0011395812034606934,4.3694478524670215,32.84029731011398,0,0.028188736368350786,0.17068609669711127,-0.21567625134012733,0.4727608214620152
milp7,MILP,sweep_all,synthetic,1081.6242868694835,0.9666666666666667,0.0014224052429199219,4.5217885770490405,33.168340565534,0,-0.11300062305597583,0.1938171050957757,-0.22376195383618533,0.6149494492514175
milp8,MILP,sweep_all,synthetic,12.104775321244121,0.8666666666666667,0.0774068683385849,3.091042453358316,33.24253923180555,0,-0.11540776343507839,0.12579518283387245,-0.37401376919051965,0.1503767192309861
milp9,MILP,sweep_all,synthetic,76.34656858781675,1.0,0.022936195135116577,4.48863636973214,33.8248596665537,0,0.08266830961407717,0.2071942605850455,-0.21992016458910701,0.5754785531584643
milp10,MILP,sweep_all,synthetic,184.98700681478667,1.0,0.010376662015914917,4.653960350157523,33.81587768818747,1,0.09635888343972751,0.2228342239365292,-0.05348619693624152,0.6699240614435342
milp11,MILP,sweep_all,synthetic,233.19333489703416,1.0,0.008300289511680603,4.663439094112067,33.84638366623409,1,0.49867996923332936,0.2337234303803149,-0.023211329876150516,0.7020364506831032
milp12,MILP,sweep_all,synthetic,224.88328739212255,1.0,0.008616462349891663,4.59511985013459,33.758575229113,1,0.4536729255765103,0.2149514596991873,-0.05002637732609715,0.655638661001563
milp13,MILP,sweep_all,synthetic,240.84170929006936,1.0,0.00804390013217926,4.634728988229636,33.94914613498031,1,0.4295756050032412,0.25450384491893574,-0.048025676862924756,0.6866329928058424
milp14,MILP,sweep_all,synthetic,283.77446306199937,1.0,0.006822690367698669,4.634728988229636,33.909732765441596,0,0.5204052868830388,0.1889731798075983,7.721563697965202e-05,0.7143485475610828
milp15,MILP,sweep_all,synthetic,9.710306456795342,0.3333333333333333,0.013059407472610474,4.330733340286331,31.84623704644745,0,-0.12714418017783571,0.1054189499516583,-0.37471126848485525,0.0075894571827784685
milp16,MILP,sweep_all,synthetic,64.91766736918305,0.6666666666666666,0.004390209913253784,4.51085950651685,31.96851558236291,0,-0.12627370406468316,0.10179507588488686,-0.3652197952462311,0.006895563397085614
milp17,MILP,sweep_all,synthetic,107.93435369399286,0.7333333333333333,0.003018990159034729,4.382026634673881,32.04930752226021,0,-0.2032550226026067,0.10194343241113119,-0.36798071439166696,-0.00920140660248624
milp18,MILP,sweep_all,synthetic,114.54960355555461,0.7333333333333333,0.0028813332319259644,4.394449154672439,32.10356622198843,0,-0.12627370406468316,0.0941905195308424,-0.35273515633809016,-0.008947980007199628
milp19,MILP,sweep_all,synthetic,114.8338993884808,0.7333333333333333,0.002877950668334961,4.5217885770490405,32.08440208664193,0,-0.21771422655942413,0.0948598576908481,-0.34329342048815226,-0.015282318856663726
milp20,MILP,sweep_all,synthetic,115.24888284456915,0.7333333333333333,0.00286787748336792,4.418840607796598,32.10232022915972,0,-0.12645783151827863,0.09840103812409176,-0.3508744691104765,-0.003971453103083885
milp21,MILP,sweep_all,synthetic,115.32180509650038,0.7333333333333333,0.002866089344024658,4.454347296253507,32.08402098658336,0,-0.21771422655942413,0.09216308515683577,-0.3704789710982065,-0.004315749717863774
milp22,MILP,sweep_all,synthetic,19.688257928366863,1.0,0.012558043003082275,2.8903717578961645,36.586364343444274,0,0.0468428600321896,0.15981152805691232,-0.14476288777768698,0.5038128625050424
milp23,MILP,sweep_all,synthetic,85.95621640233294,1.0,0.011093273758888245,3.258096538021482,32.37961375045327,0,0.017915392249714557,0.1721227681436249,-0.12535290843167787,0.5367371596333989
milp24,MILP,sweep_all,synthetic,933.1890422458293,1.0,0.0034487247467041016,5.472270673671475,32.890956031301506,1,0.6296388476561456,0.24906615362664428,-0.08819993889187436,0.8039774788907157
milp25,MILP,sweep_all,synthetic,7413.763381089176,0.91,0.00027951598167419434,5.631211781821365,34.50219322256036,1,0.14557417819044982,0.22941088192388992,-0.37653291058368177,0.5908955355370926
milp26,MILP,sweep_all,synthetic,3529.9434768753845,0.96,0.0015424266457557678,6.391917113392602,31.894669170678267,1,3.417053285770244e-06,0.2260102000669865,-0.3951525790562348,0.5542348147760916
milp27,MILP,sweep_all,synthetic,100.4026289119283,0.9,0.029943853616714478,4.1588830833596715,32.38337729603681,0,-0.1911235218145917,0.09482754501773301,-0.2211895122231174,0.1533076686314984
milp28,MILP,sweep_all,synthetic,17.270038437344034,1.0,0.1024307906627655,5.170483995038151,35.46123706447593,0,0.3870989693482676,0.22508443467270672,-0.04254717873671103,0.7337355088380101
milp29,MILP,sweep_all,synthetic,115.53966556599323,0.85,0.005357801914215088,3.4339872044851463,34.13800680958666,0,-0.40734627181919014,0.23534220879964365,-0.6827025479628035,0.17731048811414069
milp30,MILP,sweep_all,synthetic,689.0651522735752,0.87,0.0032888799905776978,4.51085950651685,30.153651989109218,1,-0.10916522945346663,0.2676137826071658,-0.6477876795169184,0.4940169298995798
milp31,MILP,sweep_all,synthetic,52156.0821415642,0.705,4.272162914276123e-05,3.5263605246161616,30.675272939784197,1,-0.6779230778747256,0.2823609958489302,-0.8379344458372976,0.1777157379933884
rc1,Input-Corner Stress,sweep_all,synthetic,2.6822090148919074e-07,1.0,4.0,0.0,0.0,0,-0.3628991523151265,0.14198552073879736,-0.624223481132922,-0.09729782097526407
rc2,Input-Corner Stress,sweep_all,synthetic,0.0,1.0,4.0,0.0,0.0,0,-0.3915075708967089,0.13847765150581917,-0.6300123659470976,-0.07893799714365592
rc3,Input-Corner Stress,sweep_all,synthetic,0.0,1.0,4.0,0.0,0.0,0,-0.37156680647721635,0.13219649597191227,-0.5976092946691581,-0.08740874373442409
rc4,Input-Corner Stress,sweep_all,synthetic,0.002501994371413559,1.0,4.0,0.0,0.0,0,-0.3915075708967089,0.1396665297627398,-0.6545906598893049,-0.09797227198322306
rc5,Input-Corner Stress,sweep_all,synthetic,0.002352893352507957,1.0,4.0,0.0,0.0,0,-0.3628991523151265,0.13772653328701223,-0.5967133611673914,-0.10207240725884814
rc6,Input-Corner Stress,sweep_all,synthetic,0.0024130642414086985,1.0,4.0,0.0,0.0,0,-0.3915075708967089,0.12257931667432413,-0.5864040770862928,-0.11789011939759439
rc7,Input-Corner Stress,sweep_all,synthetic,0.25267440080636383,1.0,4.0,0.0,0.0,0,-0.3915075708967089,0.13709994065264094,-0.5918270613013584,-0.060341037836813466
rc8,Input-Corner Stress,sweep_all,synthetic,0.23776564002031103,1.0,4.0,0.0,0.0,0,-0.3628991523151265,0.13009771993316324,-0.5958944098176688,-0.12003991428475747
rc9,Input-Corner Stress,sweep_all,synthetic,0.24378159642213448,1.0,4.0,0.0,0.0,0,-0.3628991523151265,0.13746245515686717,-0.5969908042559952,-0.08402047381015496
rc10,Input-Corner Stress,sweep_all,synthetic,25.26991653441751,1.0,4.0,0.0,0.0,0,0.18172961358958473,0.2571989588086093,-0.2976365976478798,0.6118876587654392
rc11,Input-Corner Stress,sweep_all,synthetic,23.77904129027726,1.0,4.0,0.0,0.0,0,0.1537168317424532,0.2590421055309518,-0.3293280514772641,0.6404011475377132
rc12,Input-Corner Stress,sweep_all,synthetic,24.380638122552497,1.0,4.0,0.0,0.0,1,-0.10077744218198423,0.2379355308169019,-0.42258955210050714,0.5589413853516518
rc13,Input-Corner Stress,sweep_all,synthetic,2526.9941406243684,1.0,4.0,0.0,0.0,1,0.6759541259217767,0.12405344760524613,0.27036047504970867,0.7625588146900535
rc14,Input-Corner Stress,sweep_all,synthetic,2377.9067382806556,1.0,4.0,0.0,0.0,1,0.6759541259217767,0.13966127446282733,0.19857919039300448,0.7755868395927701
rc15,Input-Corner Stress,sweep_all,synthetic,2438.0664062493906,1.0,4.0,0.0,0.0,1,0.48723824571583185,0.14265401282616821,0.1718964303785722,0.7876937064441739
rc16,Input-Corner Stress,sweep_all,synthetic,252699.40624993682,1.0,4.0,0.0,0.0,1,0.737728100161777,0.13243725855578797,0.29435878910654634,0.8015075521405609
rc17,Input-Corner Stress,sweep_all,synthetic,237790.65624994054,1.0,4.0,0.0,0.022882094358901837,1,0.5719904586701351,0.12767082300939542,0.3198669236990834,0.8069225455061729
rc18,Input-Corner Stress,sweep_all,synthetic,243806.62499993906,1.0,4.0,0.0,0.0,1,0.5208558461138776,0.1181354508721936,0.3503287430737397,0.7992807421483904
rc19,Input-Corner Stress,sweep_all,synthetic,0.25267440080636383,1.0,4.0,0.0,0.0,0,-0.38554781374926506,0.1314012958968076,-0.5879700854871762,-0.1048972211021495
rc20,Input-Corner Stress,sweep_all,synthetic,4.989994049071018,1.0,4.0,0.0,0.0,1,-0.7538368524015232,0.19657182903668144,-0.9476431428390694,-0.2312034458640193
rc21,Input-Corner Stress,sweep_all,synthetic,20.63885307311496,1.0,4.0,0.0,0.0,1,-0.4659787207199506,0.21073218316198292,-0.6112333097367944,0.23865903176859327
rc22,Input-Corner Stress,sweep_all,synthetic,82.66114044187387,1.0,4.0,0.0,0.0,1,-0.5190164210542796,0.2464005704359539,-0.47567845663354313,0.596866343515458
ep1,Constant-on-Box,sweep_all,synthetic,2.286404126499427e-06,0.0,0.8342132568359375,4.174387269895637,11.583120338677675,0,-0.08632798507885509,0.20178358976107047,-0.8868002219240442,-0.0016366454157977274
ep2,Constant-on-Box,sweep_all,synthetic,2.286404126499427e-06,0.0,0.8342132568359375,3.871201010907891,11.518533045298632,0,-0.07123795652090083,0.19271305423793747,-0.8121771081998237,-0.01209641397487328
ep3,Constant-on-Box,sweep_all,synthetic,2.286404126499427e-06,0.0,0.8342132568359375,3.8501476017100584,11.475120634456077,0,-0.07123795652090083,0.1525898699629632,-0.5460742191716347,-0.012033274427099776
ep4,Constant-on-Box,sweep_all,synthetic,2.286404126499427e-06,0.0,0.8342132568359375,3.8501476017100584,11.49491981588316,0,-0.15664790314874386,0.2024358444709031,-0.8871664208583332,-0.005862346893114211
ep5,Constant-on-Box,sweep_all,synthetic,2.286404126499427e-06,0.0,0.8342132568359375,3.7376696182833684,11.487031996304758,0,-0.15664790314874386,0.17820833884325796,-0.8061882079462172,-0.009514490588677456
dc_cnn1,Deep Contractive,sweep_all,synthetic,0.29525089633840584,0.5052083333333334,0.3315001428127289,6.343880434126331,41.95219152357433,0,-0.1837221978498746,0.27633214459982663,-0.9068559986631222,-0.006213379239771429
dc_cnn2,Deep Contractive,sweep_all,synthetic,0.7123952402766708,0.6591796875,0.47263234853744507,6.396929655216146,37.97582378402239,0,-0.0019391400775255266,0.02800312461997383,-0.07183559730707212,0.004127927732853996
dc_cnn3,Deep Contractive,sweep_all,synthetic,0.9850380977279286,0.7668805803571429,10.468107223510742,6.396929655216146,23.212880717961614,0,-0.002081409823663764,0.002947376315129859,-0.008386804805229188,0.003489103505812329
dc_cnn4,Deep Contractive,sweep_all,synthetic,0.9984251374703114,0.8136935763888888,62.075225830078125,5.8971538676367405,9.360603413887674,0,0.01198812058929306,0.008946498209730301,-0.00597638831211516,0.02826552911713726
dc_cnn5,Deep Contractive,sweep_all,synthetic,0.9994104418935394,0.8481889204545454,1348.24853515625,5.147494476813453,3.2119489935190253,0,0.009944084089494045,0.014623611042331688,-0.008029455815106763,0.039508924445742416
dc_cnn6,Deep Contractive,sweep_all,synthetic,0.23767183021733965,0.4772135416666667,0.22608405351638794,6.16541785423142,41.50934764154548,0,-0.2324639302048931,0.28881363115586633,-0.881717979076108,0.0032430850324673857
dc_cnn7,Deep Contractive,sweep_all,synthetic,0.8274552231690688,0.710546875,0.8451133966445923,6.396929655216146,39.2457565097209,0,-0.0025015462381171973,0.030257438619097552,-0.09560651964164575,0.006268087582405056
dc_cnn8,Deep Contractive,sweep_all,synthetic,0.9867620318228085,0.7791573660714286,8.553570747375488,6.375024819828097,17.94473593241768,0,-0.0022508610825474865,0.003153719794108621,-0.00865986912955837,0.002940363418575962
dc_cnn9,Deep Contractive,sweep_all,synthetic,0.9987761905331464,0.8228081597222222,76.32766723632812,5.793013608384144,6.272782855121132,0,0.010752920902944598,0.008065599633598259,-0.00562025422685846,0.027827981695839447
dc_cnn10,Deep Contractive,sweep_all,synthetic,0.9993452371762654,0.8495205965909091,1935.6729736328125,5.627621113690637,6.340789936275357,0,0.010752920902944598,0.05293483661836982,-0.007096096084477659,0.044086848497404386
dc_cnn11,Deep Contractive,sweep_all,synthetic,0.9850381129895466,0.7668805803571429,2.317404270172119,6.376726947898627,19.053018164292585,0,-0.0039500572591445945,0.00295989686385663,-0.008496265281968018,0.0016837929993985111
dc_cnn12,Deep Contractive,sweep_all,synthetic,0.9850380974792683,0.7668805803571429,5.163605690002441,6.396929655216146,22.06279915582158,0,-0.00046167673080278423,0.0028273729748800047,-0.008711580583259574,0.0027711817073273882
dc_cnn13,Deep Contractive,sweep_all,synthetic,0.9850380731925956,0.7668805803571429,10.468090057373047,6.391917113392602,23.89516057263167,0,-0.0011641349324414472,0.0028610229530069845,-0.009057981460064743,0.0019445310746342324
dc_cnn14,Deep Contractive,sweep_all,synthetic,0.9850380891334896,0.7668805803571429,14.479532241821289,6.391917113392602,23.382237286391646,0,-0.004494673412131935,0.002544843078312602,-0.00889057906756598,0.0011668359832182425
dc_cnn15,Deep Contractive,sweep_all,synthetic,0.9850380992299411,0.7668805803571429,17.448963165283203,6.3784261836515865,19.157606227218494,0,-0.0021538799839110195,0.002829874499136013,-0.008875582941474641,0.001394310329514131
dc_cnn16,Deep Contractive,sweep_all,synthetic,0.9867620369774666,0.7791573660714286,1.8935675621032715,6.396929655216146,25.12383817689305,0,-0.0022508610825474865,0.004843761786945913,-0.007858825354130298,0.011848630591155302
dc_cnn17,Deep Contractive,sweep_all,synthetic,0.9867620558512772,0.7791573660714286,4.219228744506836,6.375024819828097,18.69648163233593,0,-0.001254887379342659,0.0029670732727652338,-0.007690374721367302,0.0032993651574014177
dc_cnn18,Deep Contractive,sweep_all,synthetic,0.986762024443015,0.7791573660714286,8.553565979003906,6.375024819828097,17.871393614370323,0,-0.004494673412131935,0.0026692309743141063,-0.008090747973853094,0.0016325786241059399
dc_cnn19,Deep Contractive,sweep_all,synthetic,0.9867620313267818,0.7791573660714286,11.831341743469238,6.385194398997726,22.362671911572995,0,-0.004494673412131935,0.002740784132266273,-0.007855538482498139,0.0018343898990833875
dc_cnn20,Deep Contractive,sweep_all,synthetic,0.9867620177377672,0.7791573660714286,14.257664680480957,6.396929655216146,24.88881182819812,0,-0.0011472157905511658,0.0034593023124664768,-0.007915508265857116,0.0046589957811635245
dc_cnn21,Deep Contractive,sweep_all,synthetic,0.9769852161005629,0.7668805803571429,10.554375648498535,6.396929655216146,22.178626806420034,0,-0.0039500572591445945,0.003470308038178884,-0.008865204185109499,0.004221187737940059
dc_cnn22,Deep Contractive,sweep_all,synthetic,0.9850381113586343,0.7668805803571429,10.468116760253906,6.391917113392602,22.012932678353128,0,-0.0021538799839110195,0.0029335932526332468,-0.008992355063585734,0.002904278791077379
dc_cnn23,Deep Contractive,sweep_all,synthetic,0.9850381154478411,0.7668805803571429,10.468119621276855,6.386879319362645,21.56916490542023,0,-0.0039500572591445945,0.0028479611692424685,-0.008661643039697787,0.001878535429531116
dc_cnn24,Deep Contractive,sweep_all,synthetic,0.9850380813710489,0.7668805803571429,10.468095779418945,6.393590753950631,21.586878705181395,0,-0.0012698013473280345,0.0030315299063916733,-0.009117793198444468,0.0011420432994451828
dc_cnn25,Deep Contractive,sweep_all,synthetic,0.985038093638712,0.7668805803571429,10.468104362487793,6.396929655216146,22.898761827522684,0,-0.0012698013473280345,0.0027723566558978062,-0.007771135157964492,0.0028606617382856718
dc_cnn26,Deep Contractive,sweep_all,synthetic,0.9765110144805996,0.7791573660714286,8.643367767333984,6.371611847231857,19.90189775686817,0,-0.001254887379342659,0.0028078755418782125,-0.008041724113494127,0.001910889570172968
dc_cnn27,Deep Contractive,sweep_all,synthetic,0.9867619949237584,0.7791573660714286,8.553546905517578,6.385194398997726,17.108100225558534,0,-0.004494673412131935,0.002797509114869052,-0.008056682975735535,0.0019831761604719583
dc_cnn28,Deep Contractive,sweep_all,synthetic,0.986762059865949,0.7791573660714286,8.5535888671875,6.375024819828097,17.60138440506563,0,-0.0022508610825474865,0.00268542089142666,-0.008047803989117896,0.0015535181448849394
dc_cnn29,Deep Contractive,sweep_all,synthetic,0.9867620155872517,0.7791573660714286,8.553560256958008,6.380122536899765,18.07658491588982,0,-0.001254887379342659,0.0027431934319285226,-0.008132346741969736,0.0022674862854409677
dc_cnn30,Deep Contractive,sweep_all,synthetic,0.9867620554380927,0.7791573660714286,8.55358600616455,6.3835066348840055,18.29254446255188,0,-0.004494673412131935,0.003077157703153645,-0.008497415055764134,0.0033699790818000432
dc_cnn31,Deep Contractive,sweep_all,synthetic,0.9165460376286518,0.5029296875,218.73361206054688,5.814130531825066,6.915454793292204,0,0.000756827387191141,0.0036176748510845604,-0.006178182837709207,0.008976173409303357
dc_cnn32,Deep Contractive,sweep_all,synthetic,0.9826667883855572,0.7169363839285714,67.64002990722656,5.929589143389895,10.083177225947475,0,0.0019038561419593347,0.003806943647261739,-0.0073690787766418145,0.007770123172989916
dc_cnn33,Deep Contractive,sweep_all,synthetic,0.9850380813710489,0.7668805803571429,10.468095779418945,6.391917113392602,22.94875292699445,0,-0.0021538799839110195,0.0025460675285627473,-0.008669504578242048,0.0013568445519148004
dc_cnn34,Deep Contractive,sweep_all,synthetic,0.4494145424453241,0.7642299107142857,0.2740307152271271,5.3706380281276624,4.079455286291831,0,0.0038444392815873956,0.015805653774193653,-0.005451732505403799,0.03156306405114266
dc_cnn35,Deep Contractive,sweep_all,synthetic,0.0,0.6287667410714286,0.15087732672691345,0.0,0.0,0,0.0022505304940788305,0.006030567176192211,-0.006039576978752794,0.016157847809490197
dc_cnn36,Deep Contractive,sweep_all,synthetic,0.9167135223573811,0.5075334821428571,186.86489868164062,5.652489180268651,5.831617176103249,0,0.0013157941071884833,0.004201543080317868,-0.0064820020792154456,0.010554872861676943
dc_cnn37,Deep Contractive,sweep_all,synthetic,0.9840818028860885,0.7293526785714286,56.974632263183594,6.16541785423142,12.159454461912759,0,0.0019038561419593347,0.004066187304298582,-0.007605026713549695,0.009162732022649474
dc_cnn38,Deep Contractive,sweep_all,synthetic,0.9867620347747236,0.7791573660714286,8.553572654724121,6.385194398997726,18.958062285241155,0,-0.0022508610825474865,0.00252554346568615,-0.007245779916135705,0.0022717748095038262
dc_cnn39,Deep Contractive,sweep_all,synthetic,0.42910108247782486,0.7779017857142857,0.19668519496917725,6.030685260261263,10.874714386255734,0,0.003261535548377409,0.010056568511964244,-0.005791087836424824,0.037376309574944214
dc_cnn40,Deep Contractive,sweep_all,synthetic,0.0,0.6411830357142857,0.11228736490011215,0.0,0.0,0,0.0022505304940788305,0.009387803188083792,-0.007315504111821913,0.021269324930030174
dc_cnn41,Deep Contractive,sweep_all,synthetic,0.5360043543798121,0.6713169642857143,0.15410427749156952,6.396929655216146,37.12320934355852,0,-0.005349682858787671,0.01328959050979119,-0.0408684080964096,0.0015792841466024518
dc_cnn42,Deep Contractive,sweep_all,synthetic,0.9424373907304745,0.7424665178571429,1.5610439777374268,6.396929655216146,33.7748378002301,0,-0.00459406219425814,0.020802805079489763,-0.054488715865465984,-3.247875065820276e-05
dc_cnn43,Deep Contractive,sweep_all,synthetic,0.9850381113586343,0.7668805803571429,10.468116760253906,6.395261598115449,23.20504326270299,0,-0.00046167673080278423,0.003204870104211261,-0.010246454803646285,0.002275236280423573
dc_cnn44,Deep Contractive,sweep_all,synthetic,0.9971620487321479,0.7953404017857143,57.55046463012695,6.133398042996649,10.343652914854587,0,0.0015639808341104712,0.007981167807605678,-0.0061961366598189335,0.026888425877181016
dc_cnn45,Deep Contractive,sweep_all,synthetic,0.9993037917613189,0.8036411830357143,353.9468688964844,5.655991810819852,5.954849175297909,0,0.004756183710447486,0.009728379361925514,-0.004866373646612743,0.027517799897956333
dc_cnn46,Deep Contractive,sweep_all,synthetic,0.6213036218904657,0.6752232142857143,0.13520130515098572,6.396929655216146,39.082883693611734,0,-0.004362234993682397,0.014288295507182283,-0.03795356047855674,0.0013611831669377325
dc_cnn47,Deep Contractive,sweep_all,synthetic,0.9419958706220014,0.7427455357142857,1.6971986293792725,6.396929655216146,36.435971248083995,0,-0.005626195756936745,0.038208225638833714,-0.08276434335682974,0.002208375019364892
dc_cnn48,Deep Contractive,sweep_all,synthetic,0.986762012635328,0.7791573660714286,8.553558349609375,6.369900982828227,18.05889445938869,0,-0.0020097640118155215,0.003166329152707732,-0.009489138423205245,0.002816778408552177
dc_cnn49,Deep Contractive,sweep_all,synthetic,0.9972496171584937,0.7899693080357143,68.76179504394531,5.963579343618446,8.311759138412217,0,0.009911028350317768,0.00816769532602811,-0.005981738290235242,0.016370015648209054
dc_cnn50,Deep Contractive,sweep_all,synthetic,0.9993510635520941,0.7980608258928571,439.3533630371094,5.683579767338681,5.770364793245308,0,0.0015639808341104712,0.00953476161018147,-0.0064148742861199525,0.02636324142178371
pb_cnn_1,Paired-Biases,sweep_all,synthetic,6.415966317139769,0.859375,0.13538751006126404,6.206575926724928,28.264726285905542,0,-0.11128507033260476,0.11803282927352131,-0.24632893705178543,0.23309876349781156
pb_cnn_2,Paired-Biases,sweep_all,synthetic,7.985886546855686,0.8541666666666666,0.11249999701976776,6.29156913955832,27.816848071699287,1,-0.02569570555096331,0.10605319164870546,-0.37623163969881307,0.04224361020646216
pb_cnn_3,Paired-Biases,sweep_all,synthetic,7.457456976965807,0.925,0.11403779685497284,6.391917113392602,28.660725782699437,0,-0.05546410479278316,0.09526926583251516,-0.28502686192571774,0.055501909037557515
pb_cnn_4,Paired-Biases,sweep_all,synthetic,7.813480723533031,0.9513888888888888,0.12495964765548706,6.396929655216146,28.91090550602671,1,-0.2677823774430222,0.20471425954196468,-0.613145157412677,0.22536223858061974
pb_cnn_5,Paired-Biases,sweep_all,synthetic,7.320359902894692,0.9696691176470589,0.12095387279987335,6.396929655216146,28.12597010679078,1,-0.26239448276569477,0.2887319528549513,-0.7102936617786957,0.42876292525051135
pb_cnn_6,Paired-Biases,sweep_all,synthetic,7.20030530560683,0.75,0.12526895105838776,5.937536205082426,28.99127101707256,0,-0.13091774727790007,0.11647437288668075,-0.25598005720321754,0.19648941500831033
pb_cnn_7,Paired-Biases,sweep_all,synthetic,9.240001833824756,0.8072916666666666,0.12188088148832321,6.318968113746434,28.430570062268533,0,-0.16083005523885155,0.19857981560113236,-0.6722916420312477,0.09304994066400675
pb_cnn_8,Paired-Biases,sweep_all,synthetic,8.945793569490544,0.875,0.12508893013000488,6.396929655216146,30.128244073948466,0,-0.11154433424817871,0.08517009611503068,-0.27692099846096846,0.040184078277947316
pb_cnn_9,Paired-Biases,sweep_all,synthetic,8.229374708487741,0.8940972222222222,0.12449753284454346,6.396929655216146,30.580935063216668,0,-0.2657437894145269,0.2103501425104268,-0.7181240646696543,0.006518282122383257
pb_cnn_10,Paired-Biases,sweep_all,synthetic,8.425038831454074,0.9430147058823529,0.12330006808042526,6.396929655216146,30.409254146314957,0,-0.17891321281993322,0.2492306379699836,-0.7056295894437364,0.23280816293668666
pb_cnn_11,Paired-Biases,sweep_all,synthetic,0.8386505914285057,0.925,1.0139845609664917,6.396929655216146,28.45606717279157,0,-0.1996413350290873,0.09362335237340297,-0.36700084387895715,-0.008561095331744808
pb_cnn_12,Paired-Biases,sweep_all,synthetic,1.654484203394238,0.925,0.5139836668968201,6.395261598115449,28.698103619627165,0,-0.19913718409107647,0.09836645440364306,-0.33903654301839986,-0.008360412511367305
pb_cnn_13,Paired-Biases,sweep_all,synthetic,7.467114618579918,0.925,0.11386749893426895,6.391917113392602,28.906353713594253,0,-0.020082802453203707,0.08305177396857133,-0.28259654401654827,0.01654863780937665
pb_cnn_14,Paired-Biases,sweep_all,synthetic,13.259465516662187,0.925,0.06414587795734406,6.391917113392602,28.579276199635622,1,0.6741304421477623,0.22577621190861943,-0.1277301442107524,0.6268777729348576
pb_cnn_15,Paired-Biases,sweep_all,synthetic,56.36961292649054,0.925,0.015087593346834183,6.39024066706535,28.71286558062397,1,0.6021212643231694,0.2519064434718966,-0.0006649636758944248,0.7833015222507453
pb_cnn_16,Paired-Biases,sweep_all,synthetic,1.091642564351764,0.875,1.0249695777893066,6.396929655216146,30.050370715106155,0,-0.12895777285797105,0.08357941482859313,-0.3261388570142224,-0.011649035841183753
pb_cnn_17,Paired-Biases,sweep_all,synthetic,2.1312347292728844,0.875,0.5250288248062134,6.395261598115449,30.48602312066343,0,-0.20011647004999397,0.08951712174367567,-0.3556787207373763,-0.01520622730616258
pb_cnn_18,Paired-Biases,sweep_all,synthetic,8.961206561049515,0.875,0.12484675645828247,6.395261598115449,30.377197426915753,0,-0.13050775965120132,0.09117660281735049,-0.3304993350493487,0.014499171498379608
pb_cnn_19,Paired-Biases,sweep_all,synthetic,14.93200470498587,0.875,0.07493041455745697,6.396929655216146,30.26763291011414,1,0.0043694398071155716,0.21824136182628273,-0.1120603058659671,0.625633936694143
pb_cnn_20,Paired-Biases,sweep_all,synthetic,43.323954172159695,0.875,0.02582298405468464,6.396929655216146,30.18135161022265,1,0.0633421997254808,0.2578472084726151,-0.047488593262703105,0.7429283440110014
pb_cnn_21,Paired-Biases,sweep_all,synthetic,8.34221719625957,0.925,0.10301987081766129,6.343880434126331,28.534010291300763,0,-0.01771057416293184,0.16482874115085636,-0.275025993902324,0.41763914379042694
pb_cnn_22,Paired-Biases,sweep_all,synthetic,8.11839660366133,0.925,0.1055566743016243,6.375024819828097,28.737581788864738,0,0.11588498906446251,0.14195109651784144,-0.2681547593016543,0.3595642130562739
pb_cnn_23,Paired-Biases,sweep_all,synthetic,7.456514604463668,0.925,0.11405444145202637,6.393590753950631,28.794371154979498,0,-0.11358292227667396,0.08769824252611627,-0.2854251388458283,0.03880962308216561
pb_cnn_24,Paired-Biases,sweep_all,synthetic,6.516308137351576,0.9125,0.12897007167339325,6.386879319362645,28.60273275372249,0,-0.002595063535332953,0.09654686207942127,-0.3338863323709189,0.024801522513945053
pb_cnn_25,Paired-Biases,sweep_all,synthetic,5.0927134711782935,0.903125,0.16176484525203705,6.327936783729195,27.217480870199733,0,-0.009942753431631007,0.11189011218446641,-0.32803200770308927,0.11359126270322499
pb_cnn_26,Paired-Biases,sweep_all,synthetic,10.66247380382241,0.875,0.10496724396944046,6.396929655216146,29.063403980512696,0,0.5405113258590164,0.2634076652335144,-0.18851116005419485,0.6330862839367674
pb_cnn_27,Paired-Biases,sweep_all,synthetic,10.186897899265562,0.875,0.10984830558300018,6.396929655216146,29.386281505107696,0,0.2951791518555965,0.15303001689223278,-0.21766807286719547,0.4040979280095957
pb_cnn_28,Paired-Biases,sweep_all,synthetic,8.94353671517586,0.875,0.1251244693994522,6.396929655216146,30.557120803272078,0,-0.1380392857329341,0.11016629858972117,-0.3376149532384433,0.052941335019462236
pb_cnn_29,Paired-Biases,sweep_all,synthetic,7.423915867691927,0.878125,0.15077097713947296,6.39024066706535,30.633007956091372,0,-0.13124888656732733,0.09120279071277762,-0.3283489957054909,-0.0015648460418481254
pb_cnn_30,Paired-Biases,sweep_all,synthetic,5.516683834033253,0.871875,0.20334160327911377,6.3784261836515865,30.8595101865516,0,-0.11736223650114133,0.09695915107237686,-0.3707731933700099,-0.006537264485759495
pb_cnn_31,Paired-Biases,sweep_all,synthetic,4.248987251892631,0.8576388888888888,0.11929044127464294,6.396929655216146,27.4726077759431,0,-0.1163015684414512,0.12638078059352792,-0.5571891897968401,0.007808397749329102
pb_cnn_32,Paired-Biases,sweep_all,synthetic,7.451426162592365,0.925,0.11414439976215363,6.396929655216146,28.69564428013545,0,-0.059189270891153556,0.0918118980532165,-0.29963531083971334,0.07159192618976241
pb_cnn_33,Paired-Biases,sweep_all,synthetic,9.204174606469563,0.9488636363636364,0.12343928962945938,6.359573868672378,28.210334881534756,0,0.01176901000918653,0.1397857257237346,-0.01429201806508391,0.4718931801019887
pb_cnn_34,Paired-Biases,sweep_all,synthetic,30.87327005225471,0.9270833333333334,0.12499966472387314,6.396929655216146,30.84512351385203,0,0.19252123088879702,0.26058277126574103,0.009706691557472124,0.9077359369192919
pb_cnn_35,Paired-Biases,sweep_all,synthetic,6.142929262149557,0.7569444444444444,0.12196370959281921,6.393590753950631,27.99785421425675,0,-0.18368868125506338,0.12161017507133523,-0.46069891479187053,0.052950761679004775
pb_cnn_36,Paired-Biases,sweep_all,synthetic,8.937707950790248,0.875,0.12521634995937347,6.396929655216146,30.123601020289417,0,-0.09662237815642154,0.09577650536275528,-0.27634368524285335,0.017858429411637927
pb_cnn_37,Paired-Biases,sweep_all,synthetic,15.366086544537323,0.8778409090909091,0.11598328500986099,6.386879319362645,29.95125955044466,0,0.10524374864498305,0.24234190468496522,0.00213254633953813,0.8384672980429827
pb_cnn_38,Paired-Biases,sweep_all,synthetic,24.614496787966893,0.8984375,0.13124972581863403,6.396929655216146,30.609689825433012,0,0.07635920408632989,0.21802033726489642,0.002795016512094564,0.8136842688488349
pb_cnn_39,Paired-Biases,sweep_all,synthetic,7.450447240132128,0.925,0.11416172236204147,6.391917113392602,28.917086427611103,0,-0.05546410479278316,0.08314108487991911,-0.2717685600017057,0.01688917828837297
pb_cnn_40,Paired-Biases,sweep_all,synthetic,15.174687980255102,0.95,0.11089205741882324,6.396929655216146,109.00199360395587,1,0.05679612174544724,0.19417565492293157,-0.30422586934245094,0.5417273324371389
pb_cnn_41,Paired-Biases,sweep_all,synthetic,17.154746317669346,0.9496527777777778,0.11204013973474503,6.396929655216146,244.7585837985197,1,-0.006039005105806239,0.14315565900799104,-0.22229549446088964,0.3632811523258823
pb_cnn_42,Paired-Biases,sweep_all,synthetic,19.12179471323848,0.9533203125,0.11157147586345673,6.396929655216146,454.1956290987046,1,0.017891712006917415,0.19899394650755567,-0.09685958366784846,0.7347156738542416
pb_cnn_43,Paired-Biases,sweep_all,synthetic,8.943403331220678,0.875,0.12512657046318054,6.396929655216146,30.300757512928723,0,-0.11154433424817871,0.08663827898708285,-0.3177932553139651,0.0068268190987371405
pb_cnn_44,Paired-Biases,sweep_all,synthetic,15.239149232260678,0.90234375,0.12621420621871948,6.396929655216146,112.15860017720465,1,-0.014256352016306817,0.2091919291109775,-0.5562694188026311,0.28869843948120777
pb_cnn_45,Paired-Biases,sweep_all,synthetic,17.558564139194576,0.9118055555555555,0.1274426132440567,6.396929655216146,262.08130049677453,1,-0.014256352016306817,0.2190103611762194,-0.6195115303110189,0.318782278045178
pb_cnn_46,Paired-Biases,sweep_all,synthetic,19.030608254585182,0.91484375,0.12815339863300323,6.396929655216146,468.1070585030155,1,0.014606419522976477,0.2365795818954777,-0.297746951943405,0.717311196667224
vb_oval21_0000,oval21,oval21,established,232.6638574175715,0.19199243379571249,0.1449565887451172,6.391917113392602,402.20760473898275,1,-0.19740867323359346,0.26815027683755305,-0.7577756395780554,0.4342348686593638
vb_oval21_0001,oval21,oval21,established,156.78114370775918,0.19955863808322824,0.258162260055542,6.3784261836515865,622.1216952066095,1,-0.20407951999648555,0.2795086163330631,-0.782104701655735,0.5040245395231703
vb_oval21_0004,oval21,oval21,established,195.0610914975875,0.12799495586380832,0.07480204105377197,6.3784261836515865,555.5387000017469,1,-0.20275486119153244,0.27352941605868186,-0.7230185316148835,0.507719301323489
vb_oval21_0005,oval21,oval21,established,346.29689857723645,0.14060529634300126,0.06018471717834473,6.391917113392602,659.6903589683966,1,-0.20275486119153244,0.27037173224940453,-0.7314233091266304,0.515831472103098
vb_oval21_0006,oval21,oval21,established,235.1963874954415,0.22257250945775536,0.1467205286026001,6.38856140554563,455.1422184450638,1,-0.18135553387326536,0.27611705196931036,-0.769134068505654,0.5336317786277885
vb_oval21_0007,oval21,oval21,established,292.78772714823464,0.14281210592686003,0.11377716064453125,6.386879319362645,513.0531159292864,1,-0.20275486119153244,0.2720637394907578,-0.7781103572879255,0.5051656756361099
vb_oval21_0008,oval21,oval21,established,214.64922654063034,0.28562421185372006,0.1346745491027832,6.396929655216146,587.437019248582,1,-0.2069629126042569,0.2719621531782997,-0.7577756395780554,0.4656641695881876
vb_oval21_0009,oval21,oval21,established,93.31311766320096,0.3026481715006305,0.5598218441009521,6.39024066706535,441.47743961194715,1,-0.21572985746721235,0.26583550074402507,-0.7953439328077005,0.2441502300432028
vb_oval21_0010,oval21,oval21,established,184.71669472154522,0.3976617552850737,0.5101742744445801,6.396929655216146,1403.6110904791822,0,0.45531613562804846,0.30854126551636407,-0.5935551681021987,0.6566328958616716
vb_oval21_0011,oval21,oval21,established,176.19908616348664,0.47197309417040356,0.5683414936065674,6.396929655216146,1133.6801800714754,0,0.45531613562804846,0.3094696789621922,-0.5935551681021987,0.6569969457034451
vb_oval21_0012,oval21,oval21,established,461.8601396786523,0.08552210121716848,0.03469812870025635,6.393590753950631,1211.231434811202,0,0.4755793473782232,0.32075846393494206,-0.5485637972252273,0.7010134428146961
vb_oval21_0013,oval21,oval21,established,41.52638550504836,0.5102498398462524,3.367316722869873,6.396929655216146,1456.405017015868,0,0.06426968072349176,0.292360472039796,-0.6451266494708703,0.44756129668442635
vb_oval21_0014,oval21,oval21,established,9980.328540293815,0.05589365791159513,-0.0006487369537353516,6.396929655216146,1511.2697652270185,0,0.45636157071751177,0.3117596609023505,-0.4472115424682979,0.705518202525876
vb_oval21_0015,oval21,oval21,established,204.98520961401096,0.30349135169762975,0.3114352226257324,6.396929655216146,1311.806001886543,0,0.4470900398042799,0.3067739617410025,-0.5758162528089028,0.6256311811475956
vb_oval21_0016,oval21,oval21,established,59.42722161340197,0.3167841127482383,1.2088594436645508,6.396929655216146,1322.5263816805957,0,0.06426968072349176,0.2921324236302137,-0.6451266494708703,0.48315684223542904
vb_oval21_0017,oval21,oval21,established,939.6291771606152,0.07126841768097374,0.009613633155822754,6.396929655216146,1617.9723182223531,0,0.47376464888068154,0.2920842620544744,-0.35001474977750546,0.7134669113283997
vb_oval21_0018,oval21,oval21,established,630.2323334196828,0.013773222293401666,0.00466609001159668,6.396929655216146,1076.7921665638785,0,0.4703896407475811,0.31361696664310507,-0.46020455936846555,0.7076808496677355
vb_oval21_0019,oval21,oval21,established,511.2719160567159,0.3126201153106983,0.09725570678710938,6.396929655216146,1621.913168073099,0,0.4456003913837899,0.3006019627739042,-0.5294373087441481,0.6731276554501882
vb_oval21_0020,oval21,oval21,established,135.62673041109377,0.3470988750740083,1.5234668254852295,6.395261598115449,312.3844158543798,0,-0.13045967723379448,0.41088206750936745,-0.8695104161884041,0.7889080394413256
vb_oval21_0021,oval21,oval21,established,4483.843297813523,0.09917110716400236,0.010686874389648438,6.396929655216146,344.55709258368904,0,0.07881996470553126,0.3510457732893372,-0.21378007689531273,0.940946391072695
vb_oval21_0022,oval21,oval21,established,673.7126952623705,0.18013617525162817,0.05895638465881348,6.396929655216146,260.0070366820668,0,0.21874998640940357,0.338536988567194,-0.1315029007959245,0.9417868635787054
vb_oval21_0023,oval21,oval21,established,995.4191505401568,0.15082889283599762,0.07085371017456055,6.3818160174060985,289.03667038069267,0,0.33818296822261285,0.33868095627358685,-0.12961442475999688,0.9416783379275421
vb_oval21_0024,oval21,oval21,established,230.2649887540616,0.290704558910598,0.7035562992095947,6.39024066706535,215.81631200013965,0,0.2568530647545305,0.36061858163953125,-0.47846443636015784,0.8691286029221894
vb_oval21_0025,oval21,oval21,established,1298.5322252847996,0.07060390763765542,0.0186922550201416,5.963579343618446,271.2696855735807,0,0.298890897431494,0.33348686842510566,-0.10589086697278878,0.9573244758946019
vb_oval21_0026,oval21,oval21,established,557.5107564775811,0.2864120781527531,0.1716909408569336,6.396929655216146,294.53145079762504,0,0.1266959459483078,0.33682687958549085,-0.4262876120050839,0.8591867739421871
vb_oval21_0027,oval21,oval21,established,164.50495440020575,0.39431616341030196,1.3418984413146973,6.396929655216146,203.20366418222005,0,-0.12746804474587853,0.4134976666150507,-0.8696197808670275,0.7983755675005562
vb_oval21_0028,oval21,oval21,established,502.459872944694,0.08821788040260509,0.08234453201293945,5.849324779946859,221.65837798160806,0,0.298890897431494,0.3444924110288209,-0.3507703534037323,0.9222216511938212
vb_oval21_0029,oval21,oval21,established,766.362560034106,0.23386619301361752,0.11845862865447998,6.391917113392602,222.41587696905523,0,0.33818296822261285,0.3316434064625567,-0.1246618976968155,0.9395407684117342
000001,MNIST_fc,vnncomp_mnist_fc,established,8.120392266666999,0.08203125,0.9174090623855591,6.396929655216146,450.2200588057397,0,-0.41752242964706415,0.2408468022446628,-0.7303935333102748,0.08211737703921641
000002,MNIST_fc,vnncomp_mnist_fc,established,12.38769136275534,0.11328125,-0.4732914865016937,0.0,370.2388844293519,1,-0.4046104297005602,0.24475766461180193,-0.7483864636905073,0.1379593064405207
000003,MNIST_fc,vnncomp_mnist_fc,established,7.333403639631327,0.099609375,0.9418893456459045,6.396929655216146,439.0156801271103,0,-0.4211897956384029,0.24189688584709793,-0.8459573470286186,2.9643417388137278e-05
000004,MNIST_fc,vnncomp_mnist_fc,established,3.002656146732281,0.01953125,0.9909846782684326,6.396929655216146,477.4538642727691,0,-0.4485039815580726,0.24929993357401695,-0.9129781711029094,-0.016302613570511805
000005,MNIST_fc,vnncomp_mnist_fc,established,6.171458332135415,0.107421875,0.9588243961334229,6.3835066348840055,372.45859515811844,0,-0.411271733154579,0.24805822047855366,-0.8821356078806725,-0.007808974035625597
000006,MNIST_fc,vnncomp_mnist_fc,established,5.0228214607927155,0.072265625,0.7155390381813049,6.391917113392602,408.8051133804189,0,-0.411271733154579,0.2514235642425922,-0.861413234006755,0.08942981015309821
000007,MNIST_fc,vnncomp_mnist_fc,established,5.759561317751037,0.126953125,0.9003206491470337,4.976733742420574,406.60285808934134,1,-0.39225277420906807,0.26022464317069705,-0.8260674018839331,0.1819471109290052
000008,MNIST_fc,vnncomp_mnist_fc,established,2.3618302174286523,0.009765625,1.0004750490188599,6.393590753950631,408.7375913928483,0,-0.4482618209017238,0.2541263503626807,-0.9235671682037007,-0.01593015678243359
000009,MNIST_fc,vnncomp_mnist_fc,established,9.649144272890968,0.12890625,0.4771076440811157,6.39024066706535,399.16241901528525,0,-0.39991762611211423,0.2526620110317335,-0.7383747493777941,0.1962000664923001
000010,MNIST_fc,vnncomp_mnist_fc,established,2.666206210292044,0.05859375,0.9794814586639404,6.396929655216146,476.0220699453218,0,-0.4485039815580726,0.2510866534882604,-0.9129781711029094,-0.016302613570511805
000011,MNIST_fc,vnncomp_mnist_fc,established,6.1063554425186055,0.033203125,0.978211522102356,6.396929655216146,481.9303264846134,0,-0.4313937007103155,0.2426346311694997,-0.8763550430003183,-0.010212674155804406
000012,MNIST_fc,vnncomp_mnist_fc,established,2.915713676207103,0.02734375,1.0078164339065552,6.396929655216146,443.8703078322268,0,-0.44772640996650404,0.25270564716792693,-0.9235671682037007,-0.01578219943593088
000013,MNIST_fc,vnncomp_mnist_fc,established,1.1482711415375157,0.181640625,-1.0000333786010742,1.6094379124341003,341.40252554193336,0,-0.4499406400634201,0.2502438082044775,-0.9046247241697972,-0.006745989335966275
000014,MNIST_fc,vnncomp_mnist_fc,established,1.4573905146907182,0.087890625,1.0053685903549194,6.380122536899765,419.3311411292897,0,-0.4412365392845279,0.25478455280003776,-0.9235671682037007,-0.014239807787764564
000015,MNIST_fc,vnncomp_mnist_fc,established,2.4814869856354234,0.025390625,0.9389165043830872,5.8971538676367405,442.0923660644818,0,-0.4271346883282453,0.2538837269220526,-0.8644021959841687,-0.011190531268858096
000016,MNIST_fc,vnncomp_mnist_fc,established,13.786442623191341,0.298828125,0.9136293530464172,6.396929655216146,445.08087270131784,0,-0.35590740334580984,0.27611600912503603,-0.6856266051499471,0.30679132298012995
000017,MNIST_fc,vnncomp_mnist_fc,established,10.600878903445787,0.330078125,-0.9938996434211731,3.1780538303479458,394.1918955961982,0,-0.40660203763880975,0.24348347305289803,-0.7816271352839532,0.07299015840327565
000018,MNIST_fc,vnncomp_mnist_fc,established,8.977496282562893,0.271484375,-0.9239100813865662,1.791759469228055,407.06277932199316,0,-0.40660203763880975,0.24617770962986382,-0.7869267048416871,0.09693405456869592
000019,MNIST_fc,vnncomp_mnist_fc,established,5.497850390456393,0.12109375,0.9868162870407104,6.396929655216146,471.55510465928154,0,-0.4299170994627285,0.24247490619189085,-0.8763550430003183,-0.0026211347190772225
000020,MNIST_fc,vnncomp_mnist_fc,established,71.06111950689407,0.23046875,0.13627943396568298,6.395261598115449,394.1268741539368,1,-0.3563166234509269,0.271720713309725,-0.6482839024566468,0.31758449749716955
000021,MNIST_fc,vnncomp_mnist_fc,established,9.613201718755906,0.1953125,-0.567286491394043,4.709530201312334,391.01548491191517,1,-0.3910815420803544,0.24142317618565304,-0.750897465719765,0.0950091934729081
000022,MNIST_fc,vnncomp_mnist_fc,established,9.43089110681358,0.357421875,-0.762120246887207,5.988961416889864,367.88334278377715,1,-0.3910815420803544,0.23866246666162427,-0.7537980661014037,0.06324976407647989
000023,MNIST_fc,vnncomp_mnist_fc,established,4.1490729944252545,0.037109375,0.9996674060821533,6.396929655216146,458.8180092407421,0,-0.44772640996650404,0.24682436792708762,-0.9014971630045048,-0.011494080143428568
000024,MNIST_fc,vnncomp_mnist_fc,established,5.596428328574403,0.248046875,-1.057141900062561,6.395261598115449,396.26166303411685,0,-0.4258156739256544,0.24060950719273339,-0.8255959619576052,0.008574125525651627
000025,MNIST_fc,vnncomp_mnist_fc,established,4.5513829533341745,0.103515625,0.9717005491256714,6.396929655216146,446.0350656051255,0,-0.44772640996650404,0.24804089301245447,-0.9060728084210332,-0.01578219943593088
000026,MNIST_fc,vnncomp_mnist_fc,established,10.714682840247237,0.10546875,0.9768716096878052,6.396929655216146,475.8777317129673,1,-0.4249728099604921,0.23636515708150754,-0.7948801135245794,-6.35788515512695e-05
000027,MNIST_fc,vnncomp_mnist_fc,established,8.19216707044649,0.080078125,0.5576756000518799,6.2324480165505225,388.1121745381087,1,-0.3789518216617732,0.2619967785309211,-0.7518416008428109,0.24737662485838421
000028,MNIST_fc,vnncomp_mnist_fc,established,1.9443503119821945,0.20703125,-1.0000333786010742,0.0,1.2511061436715645,0,-0.41507840617971636,0.2537447333964745,-0.9093112348610167,0.0017202938385825891
000029,MNIST_fc,vnncomp_mnist_fc,established,2.6542528636875895,0.166015625,1.0048028230667114,6.208590026096629,432.3227122617104,0,-0.43274612695710135,0.25424986679426176,-0.8776638706990885,-0.011190531268858096
000030,MNIST_fc,vnncomp_mnist_fc,established,5.154215378488976,0.07421875,0.9072970747947693,5.749392985908253,441.52150834347606,0,-0.3915928820838471,0.2587469802931454,-0.8242487751727553,0.1819471109290052
000031,MNIST_fc,vnncomp_mnist_fc,established,477.2642008019494,0.6396484375,0.9934976696968079,6.396929655216146,466.26160836882525,0,-0.117355642570655,0.34736844976911174,-0.568143454139604,0.7984662589476356
000032,MNIST_fc,vnncomp_mnist_fc,established,1183382.062406437,0.6708984375,0.00046432018280029297,4.007333185232471,342.02283505453755,1,0.3369736138323075,0.37699726030912384,-0.4404319239180954,0.8778118371216266
000033,MNIST_fc,vnncomp_mnist_fc,established,622.8501644205672,0.6748046875,0.9740332365036011,6.393590753950631,428.5343855089454,0,-0.12028828859196247,0.36550491334294405,-0.5861586033053033,0.7881175150060156
000034,MNIST_fc,vnncomp_mnist_fc,established,137.70821630877822,0.4501953125,0.9775838851928711,6.393590753950631,467.19885786723364,0,-0.11424168243246746,0.3227580971472605,-0.5835589318880656,0.743416864876865
000035,MNIST_fc,vnncomp_mnist_fc,established,472.223062737142,0.6298828125,0.9960557818412781,6.396929655216146,477.19577584935223,0,-0.15887221333119628,0.3456379830203002,-0.568143454139604,0.7984662589476356
000036,MNIST_fc,vnncomp_mnist_fc,established,527.062596363924,0.6611328125,0.9830043315887451,6.396929655216146,497.52640521213647,0,-0.15887221333119628,0.34620356376888245,-0.568143454139604,0.7984662589476356
000037,MNIST_fc,vnncomp_mnist_fc,established,1106.8584241664473,0.7451171875,0.9776594638824463,6.396929655216146,429.0883551648134,1,-0.06514868533254775,0.3870373712394599,-0.5379564138876456,0.8076608575131251
000038,MNIST_fc,vnncomp_mnist_fc,established,176.36517259112964,0.5390625,0.9792886972427368,6.396929655216146,401.2263808629046,0,-0.1112161316822961,0.38612562171071363,-0.5850548416361441,0.7901204269162805
000039,MNIST_fc,vnncomp_mnist_fc,established,453.15687057859105,0.61328125,0.9911941885948181,6.396929655216146,454.1030130427436,1,-0.117355642570655,0.34990083575118586,-0.568143454139604,0.7984662589476356
000040,MNIST_fc,vnncomp_mnist_fc,established,463.1746268501493,0.640625,0.9697611331939697,6.396929655216146,434.38595015637634,0,-0.11003730873756493,0.3662263472941048,-0.5811327268411155,0.7818301053273753
000041,MNIST_fc,vnncomp_mnist_fc,established,251.45516777905377,0.5654296875,0.9778001308441162,6.396929655216146,438.06250530528666,0,-0.117355642570655,0.37729976060224335,-0.5850548416361441,0.7832957392257641
000042,MNIST_fc,vnncomp_mnist_fc,established,161.06012147495082,0.4873046875,0.9872158765792847,6.396929655216146,438.5293807303857,0,-0.1112161316822961,0.3654577871890221,-0.5950172689018554,0.7433551216253017
000043,MNIST_fc,vnncomp_mnist_fc,established,165.876975851544,0.548828125,0.6924695372581482,5.857933154483459,407.49473574517515,0,0.1772819748491074,0.335544374291385,-0.4837664981672666,0.8834857485851763
000044,MNIST_fc,vnncomp_mnist_fc,established,266.8116833531556,0.6259765625,0.9675577282905579,6.396929655216146,460.32967451557164,0,-0.11003730873756493,0.3375340558721863,-0.5678540738885423,0.7984662589476356
000045,MNIST_fc,vnncomp_mnist_fc,established,331.23250150501065,0.6044921875,0.9817644357681274,6.396929655216146,494.3318886971525,0,-0.15887221333119628,0.3486048047442584,-0.568143454139604,0.7984662589476356
000046,MNIST_fc,vnncomp_mnist_fc,established,1578.179761232983,0.7431640625,0.9830948710441589,6.396929655216146,462.7522472822699,1,-0.07398698046049565,0.3663026919474654,-0.536841770870986,0.795723663173527
000047,MNIST_fc,vnncomp_mnist_fc,established,1417.8100975630791,0.7705078125,-0.9279765486717224,4.564348191467836,348.3309270041974,0,0.11862355692237447,0.37752067837257974,-0.44719297139308684,0.8887779793984534
000048,MNIST_fc,vnncomp_mnist_fc,established,2064.519505018038,0.78515625,0.7774600982666016,6.395261598115449,434.1592075684758,1,0.15300436890155839,0.24120118547326938,-0.04275287927489388,0.829425355262909
000049,MNIST_fc,vnncomp_mnist_fc,established,1198.2216540507468,0.6689453125,0.9563376307487488,6.396929655216146,461.9185798209518,1,-0.061006917000647864,0.320865163711077,-0.49177932862194507,0.795723663173527
000050,MNIST_fc,vnncomp_mnist_fc,established,1150.1672273753852,0.716796875,0.9905408024787903,6.396929655216146,467.01945424384184,1,-0.07398698046049565,0.36434981615037404,-0.546032446210259,0.795723663173527
000051,MNIST_fc,vnncomp_mnist_fc,established,1573.6004883051835,0.7744140625,0.9829564094543457,6.396929655216146,496.73956051026124,1,-0.12493965278928845,0.32797758466761484,-0.48278111642610416,0.795723663173527
000052,MNIST_fc,vnncomp_mnist_fc,established,2359.7832380083305,0.81640625,0.9776576161384583,6.0867747269123065,418.3073682415288,1,0.5650303165837794,0.23147905889452502,0.019129496106095968,0.9149403016746626
000053,MNIST_fc,vnncomp_mnist_fc,established,769.8746742522785,0.6669921875,0.9776763319969177,6.396929655216146,386.78642895955676,1,0.023417433642523855,0.4301851638876837,-0.57449661008706,0.8756135475193643
000054,MNIST_fc,vnncomp_mnist_fc,established,1342.7732826279084,0.7041015625,0.7957985401153564,6.396929655216146,454.0186916555896,1,-0.008388161441527597,0.31169827029439423,-0.36214343104383995,0.8295654711706562
000055,MNIST_fc,vnncomp_mnist_fc,established,1205.8538124803329,0.7353515625,0.8875514268875122,6.396929655216146,419.2676212823907,1,-0.008388161441527597,0.3110935042554181,-0.3610207171775415,0.829425355262909
000056,MNIST_fc,vnncomp_mnist_fc,established,1139.8774454538643,0.7001953125,0.9272037744522095,6.396929655216146,436.6068394513381,1,-0.10313493925950942,0.35928869070515224,-0.49796825211781465,0.8044670352648341
000057,MNIST_fc,vnncomp_mnist_fc,established,1023.8195312098135,0.6650390625,0.9802851676940918,6.396929655216146,436.62931596061844,1,-0.07398698046049565,0.3940210599178159,-0.5848772789402941,0.8044670352648341
000058,MNIST_fc,vnncomp_mnist_fc,established,697.0810622436267,0.65234375,0.6542476415634155,5.811140992976701,398.57094230623943,1,0.2899808140681366,0.3127236409038505,-0.2557497087685769,0.9391888489906283
000059,MNIST_fc,vnncomp_mnist_fc,established,771.9107095751291,0.708984375,0.964529275894165,6.396929655216146,464.9098184139771,1,-0.061006917000647864,0.31132906665127186,-0.41661840921395366,0.8079769767609265
000060,MNIST_fc,vnncomp_mnist_fc,established,1277.6119956058385,0.7255859375,0.9814388155937195,6.396929655216146,492.73843839311826,1,-0.12493965278928845,0.35990533426415106,-0.5440534028727718,0.795723663173527
000061,MNIST_fc,vnncomp_mnist_fc,established,77348.00201641081,0.75,0.9724781513214111,6.393590753950631,435.4016304486697,0,0.6892380631408441,0.26205025337101634,-0.0011189252728041757,0.895102598274909
000062,MNIST_fc,vnncomp_mnist_fc,established,109146.4121920026,0.7955729166666666,0.8347296714782715,5.342334251964811,371.9732381529375,1,0.7286333117806834,0.21925233839325506,0.032387614905848475,0.9553230289139217
000063,MNIST_fc,vnncomp_mnist_fc,established,94014.97884884296,0.7734375,0.939964771270752,6.369900982828227,383.9802303291879,0,0.7190538822271053,0.22025904138525013,0.029833236250234443,0.9190880725528923
000064,MNIST_fc,vnncomp_mnist_fc,established,96346.51986244257,0.7545572916666666,0.9678423404693604,6.393590753950631,387.6789166332226,0,0.7165781279166197,0.23373407650123096,-0.0011189252728041757,0.9059790558354993
000065,MNIST_fc,vnncomp_mnist_fc,established,65652.57588326685,0.7493489583333334,0.9791490435600281,6.396929655216146,472.49204138462665,0,0.6790222085862017,0.2627557271793932,-0.0011189252728041757,0.9043931858151363
000066,MNIST_fc,vnncomp_mnist_fc,established,87732.05120075728,0.783203125,0.9926267862319946,6.396929655216146,434.27322231788617,0,0.6892380631408441,0.2643918147927979,-0.0011189252728041757,0.9050147813428395
000067,MNIST_fc,vnncomp_mnist_fc,established,826167.4063241933,0.84375,-0.15739649534225464,3.7376696182833684,367.4645486594681,1,0.48718516206866364,0.2288006287777765,0.009888154771805862,0.9019108890862628
000068,MNIST_fc,vnncomp_mnist_fc,established,46777.14564702226,0.72265625,0.8969269394874573,5.19295685089021,380.70132140287916,1,0.7286333117806834,0.2235615380950501,0.0317683444069385,0.9553230289139217
000069,MNIST_fc,vnncomp_mnist_fc,established,36037.804625242476,0.703125,0.9688951373100281,6.396929655216146,426.14407593018893,0,0.6892380631408441,0.2682063834594807,-0.0011189252728041757,0.8949856280236258
000070,MNIST_fc,vnncomp_mnist_fc,established,44189.80804863881,0.7532552083333334,0.9530243873596191,6.396929655216146,470.6940339490315,1,0.6790222085862017,0.26312116010060055,-0.0011189252728041757,0.8996018167338804
000071,MNIST_fc,vnncomp_mnist_fc,established,51585.41322690547,0.7350260416666666,0.9500487446784973,6.3818160174060985,449.41640049650704,0,0.6916187283837238,0.2517393512857006,0.029833236250234443,0.8996239747685619
000072,MNIST_fc,vnncomp_mnist_fc,established,83472.68499323065,0.7421875,0.9501603841781616,6.396929655216146,401.2879118845041,0,0.7165781279166197,0.2529994863431952,-0.0011189252728041757,0.9006055059181243
000073,MNIST_fc,vnncomp_mnist_fc,established,53347.74918742379,0.7454427083333334,0.7983995676040649,6.184148890937483,377.884934710684,1,0.7286333117806834,0.22479557979862574,0.029833236250234443,0.9600284939959471
000074,MNIST_fc,vnncomp_mnist_fc,established,37982.263843269495,0.74609375,0.9779607057571411,6.396929655216146,477.34857919110755,0,0.6389235256162902,0.2663606602672777,-0.0011189252728041757,0.90469205427601
000075,MNIST_fc,vnncomp_mnist_fc,established,59076.771909072784,0.7578125,0.9926198720932007,6.396929655216146,431.11441003694847,0,0.6892380631408441,0.26401470930354115,-0.0011189252728041757,0.8978658048744436
000076,MNIST_fc,vnncomp_mnist_fc,established,198162.95026296098,0.8274739583333334,0.9538668990135193,6.385194398997726,432.83854745913493,1,0.6916187283837238,0.24775355304868973,0.029833236250234443,0.9012652465988135
000077,MNIST_fc,vnncomp_mnist_fc,established,245428.90178739664,0.8600260416666666,0.8274831175804138,5.459585514144159,389.8844576942144,1,0.7286333117806834,0.19027307166898771,0.09543963106189518,0.9630257599943954
000078,MNIST_fc,vnncomp_mnist_fc,established,259504.4683636397,0.8626302083333334,0.8520419597625732,6.375024819828097,389.2616792648302,1,0.7190538822271053,0.18776980803322674,0.09543963106189518,0.9551383677908415
000079,MNIST_fc,vnncomp_mnist_fc,established,216670.20339125645,0.8177083333333334,0.9582416415214539,6.393590753950631,387.0761728127152,1,0.7165781279166197,0.23295402034630805,0.0007740169471350287,0.911229435279398
000080,MNIST_fc,vnncomp_mnist_fc,established,154968.4933514495,0.82421875,0.9776091575622559,6.396929655216146,494.47797401950965,1,0.6389235256162902,0.2704290750857247,-0.0018537981851744908,0.9068546692849834
000081,MNIST_fc,vnncomp_mnist_fc,established,171434.6589071419,0.8450520833333334,0.9926435947418213,6.396929655216146,431.93445740498834,1,0.6892380631408441,0.25997657940118124,0.0012187405988953726,0.9058418013832212
000082,MNIST_fc,vnncomp_mnist_fc,established,1777275.359949703,0.8893229166666666,-0.15739649534225464,4.7535901911063645,354.1917323012779,0,0.6163669514166523,0.21357034595037058,0.13169008009216343,0.9597578401363168
000083,MNIST_fc,vnncomp_mnist_fc,established,127038.48203059589,0.7734375,0.7069956660270691,4.962844630259907,372.94189106014284,1,0.7286333117806834,0.21949639072030314,0.032387614905848475,0.9553230289139217
000084,MNIST_fc,vnncomp_mnist_fc,established,94264.6295881361,0.7766927083333334,0.9640751481056213,6.396929655216146,432.4366871446948,1,0.6892380631408441,0.2643524369211327,-0.0011189252728041757,0.9020372676630892
000085,MNIST_fc,vnncomp_mnist_fc,established,135133.43980021734,0.82421875,0.7464852929115295,6.396929655216146,465.60476222127164,1,0.6790222085862017,0.2647773649233667,0.0007740169471350287,0.9174932019034427
000086,MNIST_fc,vnncomp_mnist_fc,established,133755.3576654776,0.8072916666666666,0.936058521270752,6.395261598115449,452.22498507282916,1,0.6892380631408441,0.2621417705189838,-0.0011189252728041757,0.9075550276569234
000087,MNIST_fc,vnncomp_mnist_fc,established,178836.7961077076,0.798828125,0.8883640766143799,6.396929655216146,385.56368007819447,1,0.7165781279166197,0.23659089730813723,-0.0011189252728041757,0.9241714170945787
000088,MNIST_fc,vnncomp_mnist_fc,established,134376.29092525656,0.8157552083333334,0.7899816036224365,6.22455842927536,379.01839223986514,1,0.7286333117806834,0.22239840560345436,0.029833236250234443,0.9600284939959471
000089,MNIST_fc,vnncomp_mnist_fc,established,96079.66574037063,0.81640625,0.9771530628204346,6.396929655216146,485.3746792267569,1,0.6389235256162902,0.26468531594373335,0.0007740169471350287,0.9068546692849834
000090,MNIST_fc,vnncomp_mnist_fc,established,137451.4287553216,0.8216145833333334,0.9927473068237305,6.396929655216146,428.93754872021753,1,0.6892380631408441,0.2636429083417973,0.0007740169471350287,0.9058418013832212
