instance_id,family,benchmark,tier,arithmetic,certified_positive,certified_lb_float,notes
"dc_cnn1","cnn.deep_contractive_cnn","sweep_all","exact-rational","exact_rational","True","0.23292240500450134","structural: margin>=B=0.2329; paper's l2-contraction cert not re-verified here (cheap induced-norm bound is loose for conv operators); positivity is structural and contraction-independent, depth=2"
"dc_cnn10","cnn.deep_contractive_cnn","sweep_all","exact-rational","exact_rational","True","0.11774065345525742","structural: margin>=B=0.1177; paper's l2-contraction cert not re-verified here (cheap induced-norm bound is loose for conv operators); positivity is structural and contraction-independent, depth=10"
"dc_cnn11","cnn.deep_contractive_cnn","sweep_all","exact-rational","exact_rational","True","0.033400822430849075","structural: margin>=B=0.0334; paper's l2-contraction cert not re-verified here (cheap induced-norm bound is loose for conv operators); positivity is structural and contraction-independent, depth=6"
"dc_cnn12","cnn.deep_contractive_cnn","sweep_all","exact-rational","exact_rational","True","0.07442329078912735","structural: margin>=B=0.07442; paper's l2-contraction cert not re-verified here (cheap induced-norm bound is loose for conv operators); positivity is structural and contraction-independent, depth=6"
"dc_cnn13","cnn.deep_contractive_cnn","sweep_all","exact-rational","exact_rational","True","0.15087732672691345","structural: margin>=B=0.1509; paper's l2-contraction cert not re-verified here (cheap induced-norm bound is loose for conv operators); positivity is structural and contraction-independent, depth=6"
"dc_cnn14","cnn.deep_contractive_cnn","sweep_all","exact-rational","exact_rational","True","0.20869429409503937","structural: margin>=B=0.2087; paper's l2-contraction cert not re-verified here (cheap induced-norm bound is loose for conv operators); positivity is structural and contraction-independent, depth=6"
"dc_cnn15","cnn.deep_contractive_cnn","sweep_all","exact-rational","exact_rational","True","0.2514927089214325","structural: margin>=B=0.2515; paper's l2-contraction cert not re-verified here (cheap induced-norm bound is loose for conv operators); positivity is structural and contraction-independent, depth=6"
"dc_cnn16","cnn.deep_contractive_cnn","sweep_all","exact-rational","exact_rational","True","0.02485787868499756","structural: margin>=B=0.02486; paper's l2-contraction cert not re-verified here (cheap induced-norm bound is loose for conv operators); positivity is structural and contraction-independent, depth=6"
"dc_cnn17","cnn.deep_contractive_cnn","sweep_all","exact-rational","exact_rational","True","0.05538800731301308","structural: margin>=B=0.05539; paper's l2-contraction cert not re-verified here (cheap induced-norm bound is loose for conv operators); positivity is structural and contraction-independent, depth=6"
"dc_cnn18","cnn.deep_contractive_cnn","sweep_all","exact-rational","exact_rational","True","0.11228736490011215","structural: margin>=B=0.1123; paper's l2-contraction cert not re-verified here (cheap induced-norm bound is loose for conv operators); positivity is structural and contraction-independent, depth=6"
"dc_cnn19","cnn.deep_contractive_cnn","sweep_all","exact-rational","exact_rational","True","0.15531645715236664","structural: margin>=B=0.1553; paper's l2-contraction cert not re-verified here (cheap induced-norm bound is loose for conv operators); positivity is structural and contraction-independent, depth=6"
"dc_cnn2","cnn.deep_contractive_cnn","sweep_all","exact-rational","exact_rational","True","0.13573309779167175","structural: margin>=B=0.1357; paper's l2-contraction cert not re-verified here (cheap induced-norm bound is loose for conv operators); positivity is structural and contraction-independent, depth=4"
"dc_cnn20","cnn.deep_contractive_cnn","sweep_all","exact-rational","exact_rational","True","0.18716830015182495","structural: margin>=B=0.1872; paper's l2-contraction cert not re-verified here (cheap induced-norm bound is loose for conv operators); positivity is structural and contraction-independent, depth=6"
"dc_cnn21","cnn.deep_contractive_cnn","sweep_all","exact-rational","exact_rational","True","0.23716120421886444","structural: margin>=B=0.2372; paper's l2-contraction cert not re-verified here (cheap induced-norm bound is loose for conv operators); positivity is structural and contraction-independent, depth=6"
"dc_cnn22","cnn.deep_contractive_cnn","sweep_all","exact-rational","exact_rational","True","0.15087732672691345","structural: margin>=B=0.1509; paper's l2-contraction cert not re-verified here (cheap induced-norm bound is loose for conv operators); positivity is structural and contraction-independent, depth=6"
"dc_cnn23","cnn.deep_contractive_cnn","sweep_all","exact-rational","exact_rational","True","0.15087732672691345","structural: margin>=B=0.1509; paper's l2-contraction cert not re-verified here (cheap induced-norm bound is loose for conv operators); positivity is structural and contraction-independent, depth=6"
"dc_cnn24","cnn.deep_contractive_cnn","sweep_all","exact-rational","exact_rational","True","0.15087732672691345","structural: margin>=B=0.1509; paper's l2-contraction cert not re-verified here (cheap induced-norm bound is loose for conv operators); positivity is structural and contraction-independent, depth=6"
"dc_cnn25","cnn.deep_contractive_cnn","sweep_all","exact-rational","exact_rational","True","0.15087732672691345","structural: margin>=B=0.1509; paper's l2-contraction cert not re-verified here (cheap induced-norm bound is loose for conv operators); positivity is structural and contraction-independent, depth=6"
"dc_cnn26","cnn.deep_contractive_cnn","sweep_all","exact-rational","exact_rational","True","0.2020794153213501","structural: margin>=B=0.2021; paper's l2-contraction cert not re-verified here (cheap induced-norm bound is loose for conv operators); positivity is structural and contraction-independent, depth=6"
"dc_cnn27","cnn.deep_contractive_cnn","sweep_all","exact-rational","exact_rational","True","0.11228736490011215","structural: margin>=B=0.1123; paper's l2-contraction cert not re-verified here (cheap induced-norm bound is loose for conv operators); positivity is structural and contraction-independent, depth=6"
"dc_cnn28","cnn.deep_contractive_cnn","sweep_all","exact-rational","exact_rational","True","0.11228736490011215","structural: margin>=B=0.1123; paper's l2-contraction cert not re-verified here (cheap induced-norm bound is loose for conv operators); positivity is structural and contraction-independent, depth=6"
"dc_cnn29","cnn.deep_contractive_cnn","sweep_all","exact-rational","exact_rational","True","0.11228736490011215","structural: margin>=B=0.1123; paper's l2-contraction cert not re-verified here (cheap induced-norm bound is loose for conv operators); positivity is structural and contraction-independent, depth=6"
"dc_cnn3","cnn.deep_contractive_cnn","sweep_all","exact-rational","exact_rational","True","0.15087732672691345","structural: margin>=B=0.1509; paper's l2-contraction cert not re-verified here (cheap induced-norm bound is loose for conv operators); positivity is structural and contraction-independent, depth=6"
"dc_cnn30","cnn.deep_contractive_cnn","sweep_all","exact-rational","exact_rational","True","0.11228736490011215","structural: margin>=B=0.1123; paper's l2-contraction cert not re-verified here (cheap induced-norm bound is loose for conv operators); positivity is structural and contraction-independent, depth=6"
"dc_cnn31","cnn.deep_contractive_cnn","sweep_all","exact-rational","exact_rational","True","0.15087732672691345","structural: margin>=B=0.1509; paper's l2-contraction cert not re-verified here (cheap induced-norm bound is loose for conv operators); positivity is structural and contraction-independent, depth=6"
"dc_cnn32","cnn.deep_contractive_cnn","sweep_all","exact-rational","exact_rational","True","0.15087732672691345","structural: margin>=B=0.1509; paper's l2-contraction cert not re-verified here (cheap induced-norm bound is loose for conv operators); positivity is structural and contraction-independent, depth=6"
"dc_cnn33","cnn.deep_contractive_cnn","sweep_all","exact-rational","exact_rational","True","0.15087732672691345","structural: margin>=B=0.1509; paper's l2-contraction cert not re-verified here (cheap induced-norm bound is loose for conv operators); positivity is structural and contraction-independent, depth=6"
"dc_cnn34","cnn.deep_contractive_cnn","sweep_all","exact-rational","exact_rational","True","0.15087732672691345","structural: margin>=B=0.1509; paper's l2-contraction cert not re-verified here (cheap induced-norm bound is loose for conv operators); positivity is structural and contraction-independent, depth=6"
"dc_cnn35","cnn.deep_contractive_cnn","sweep_all","exact-rational","exact_rational","True","0.15087732672691345","structural: margin>=B=0.1509; paper's l2-contraction cert not re-verified here (cheap induced-norm bound is loose for conv operators); positivity is structural and contraction-independent, depth=6"
"dc_cnn36","cnn.deep_contractive_cnn","sweep_all","exact-rational","exact_rational","True","0.11228736490011215","structural: margin>=B=0.1123; paper's l2-contraction cert not re-verified here (cheap induced-norm bound is loose for conv operators); positivity is structural and contraction-independent, depth=6"
"dc_cnn37","cnn.deep_contractive_cnn","sweep_all","exact-rational","exact_rational","True","0.11228736490011215","structural: margin>=B=0.1123; paper's l2-contraction cert not re-verified here (cheap induced-norm bound is loose for conv operators); positivity is structural and contraction-independent, depth=6"
"dc_cnn38","cnn.deep_contractive_cnn","sweep_all","exact-rational","exact_rational","True","0.11228736490011215","structural: margin>=B=0.1123; paper's l2-contraction cert not re-verified here (cheap induced-norm bound is loose for conv operators); positivity is structural and contraction-independent, depth=6"
"dc_cnn39","cnn.deep_contractive_cnn","sweep_all","exact-rational","exact_rational","True","0.11228736490011215","structural: margin>=B=0.1123; paper's l2-contraction cert not re-verified here (cheap induced-norm bound is loose for conv operators); positivity is structural and contraction-independent, depth=6"
"dc_cnn4","cnn.deep_contractive_cnn","sweep_all","exact-rational","exact_rational","True","0.08200962841510773","structural: margin>=B=0.08201; paper's l2-contraction cert not re-verified here (cheap induced-norm bound is loose for conv operators); positivity is structural and contraction-independent, depth=8"
"dc_cnn40","cnn.deep_contractive_cnn","sweep_all","exact-rational","exact_rational","True","0.11228736490011215","structural: margin>=B=0.1123; paper's l2-contraction cert not re-verified here (cheap induced-norm bound is loose for conv operators); positivity is structural and contraction-independent, depth=6"
"dc_cnn41","cnn.deep_contractive_cnn","sweep_all","exact-rational","exact_rational","True","0.07023081183433533","structural: margin>=B=0.07023; paper's l2-contraction cert not re-verified here (cheap induced-norm bound is loose for conv operators); positivity is structural and contraction-independent, depth=6"
"dc_cnn42","cnn.deep_contractive_cnn","sweep_all","exact-rational","exact_rational","True","0.08385706692934036","structural: margin>=B=0.08386; paper's l2-contraction cert not re-verified here (cheap induced-norm bound is loose for conv operators); positivity is structural and contraction-independent, depth=6"
"dc_cnn43","cnn.deep_contractive_cnn","sweep_all","exact-rational","exact_rational","True","0.15087732672691345","structural: margin>=B=0.1509; paper's l2-contraction cert not re-verified here (cheap induced-norm bound is loose for conv operators); positivity is structural and contraction-independent, depth=6"
"dc_cnn44","cnn.deep_contractive_cnn","sweep_all","exact-rational","exact_rational","True","0.1611468344926834","structural: margin>=B=0.1611; paper's l2-contraction cert not re-verified here (cheap induced-norm bound is loose for conv operators); positivity is structural and contraction-independent, depth=6"
"dc_cnn45","cnn.deep_contractive_cnn","sweep_all","exact-rational","exact_rational","True","0.23673692345619202","structural: margin>=B=0.2367; paper's l2-contraction cert not re-verified here (cheap induced-norm bound is loose for conv operators); positivity is structural and contraction-independent, depth=6"
"dc_cnn46","cnn.deep_contractive_cnn","sweep_all","exact-rational","exact_rational","True","0.05120024457573891","structural: margin>=B=0.0512; paper's l2-contraction cert not re-verified here (cheap induced-norm bound is loose for conv operators); positivity is structural and contraction-independent, depth=6"
"dc_cnn47","cnn.deep_contractive_cnn","sweep_all","exact-rational","exact_rational","True","0.09617111831903458","structural: margin>=B=0.09617; paper's l2-contraction cert not re-verified here (cheap induced-norm bound is loose for conv operators); positivity is structural and contraction-independent, depth=6"
"dc_cnn48","cnn.deep_contractive_cnn","sweep_all","exact-rational","exact_rational","True","0.11228736490011215","structural: margin>=B=0.1123; paper's l2-contraction cert not re-verified here (cheap induced-norm bound is loose for conv operators); positivity is structural and contraction-independent, depth=6"
"dc_cnn49","cnn.deep_contractive_cnn","sweep_all","exact-rational","exact_rational","True","0.18912126123905182","structural: margin>=B=0.1891; paper's l2-contraction cert not re-verified here (cheap induced-norm bound is loose for conv operators); positivity is structural and contraction-independent, depth=6"
"dc_cnn5","cnn.deep_contractive_cnn","sweep_all","exact-rational","exact_rational","True","0.08543754369020462","structural: margin>=B=0.08544; paper's l2-contraction cert not re-verified here (cheap induced-norm bound is loose for conv operators); positivity is structural and contraction-independent, depth=10"
"dc_cnn50","cnn.deep_contractive_cnn","sweep_all","exact-rational","exact_rational","True","0.2851124107837677","structural: margin>=B=0.2851; paper's l2-contraction cert not re-verified here (cheap induced-norm bound is loose for conv operators); positivity is structural and contraction-independent, depth=6"
"dc_cnn6","cnn.deep_contractive_cnn","sweep_all","exact-rational","exact_rational","True","0.17196117341518402","structural: margin>=B=0.172; paper's l2-contraction cert not re-verified here (cheap induced-norm bound is loose for conv operators); positivity is structural and contraction-independent, depth=2"
"dc_cnn7","cnn.deep_contractive_cnn","sweep_all","exact-rational","exact_rational","True","0.14556941390037537","structural: margin>=B=0.1456; paper's l2-contraction cert not re-verified here (cheap induced-norm bound is loose for conv operators); positivity is structural and contraction-independent, depth=4"
"dc_cnn8","cnn.deep_contractive_cnn","sweep_all","exact-rational","exact_rational","True","0.11228736490011215","structural: margin>=B=0.1123; paper's l2-contraction cert not re-verified here (cheap induced-norm bound is loose for conv operators); positivity is structural and contraction-independent, depth=6"
"dc_cnn9","cnn.deep_contractive_cnn","sweep_all","exact-rational","exact_rational","True","0.07862482964992523","structural: margin>=B=0.07862; paper's l2-contraction cert not re-verified here (cheap induced-norm bound is loose for conv operators); positivity is structural and contraction-independent, depth=8"
"ep1","mlp_relu.embedded_projection","sweep_all","exact-rational","exact_rational","True","0.8317438093867329","exact IBP over full net; projection box-width=1.19e-08"
"ep2","mlp_relu.embedded_projection","sweep_all","exact-rational","exact_rational","True","0.8317438093867329","exact IBP over full net; projection box-width=1.19e-08"
"ep3","mlp_relu.embedded_projection","sweep_all","exact-rational","exact_rational","True","0.8317438093867329","exact IBP over full net; projection box-width=1.19e-08"
"ep4","mlp_relu.embedded_projection","sweep_all","exact-rational","exact_rational","True","0.8317438093867329","exact IBP over full net; projection box-width=1.19e-08"
"ep5","mlp_relu.embedded_projection","sweep_all","exact-rational","exact_rational","True","0.8317438093867329","exact IBP over full net; projection box-width=1.19e-08"
"fp1","attention.fixed_pattern","sweep_all","validated-interval","interval_mpmath","True","0.28986244591873905","direct mpmath.iv box enclosure (prec=200 bits)"
"fp10","attention.fixed_pattern","sweep_all","validated-interval","interval_mpmath","True","0.5773481556315723","direct mpmath.iv box enclosure (prec=200 bits)"
"fp11","attention.fixed_pattern","sweep_all","validated-interval","interval_mpmath","True","0.7613447417360796","direct mpmath.iv box enclosure (prec=200 bits)"
"fp12","attention.fixed_pattern","sweep_all","validated-interval","interval_mpmath","True","0.8411820043665884","direct mpmath.iv box enclosure (prec=200 bits)"
"fp13","attention.fixed_pattern","sweep_all","validated-interval","interval_mpmath","True","31.57380427370753","direct mpmath.iv box enclosure (prec=200 bits)"
"fp14","attention.fixed_pattern","sweep_all","validated-interval","interval_mpmath","True","12.018791570765636","direct mpmath.iv box enclosure (prec=200 bits)"
"fp15","attention.fixed_pattern","sweep_all","validated-interval","interval_mpmath","True","6.152287378413342","direct mpmath.iv box enclosure (prec=200 bits)"
"fp16","attention.fixed_pattern","sweep_all","validated-interval","interval_mpmath","True","5.506971731288098","direct mpmath.iv box enclosure (prec=200 bits)"
"fp17","attention.fixed_pattern","sweep_all","validated-interval","interval_mpmath","True","5.500518694026135","direct mpmath.iv box enclosure (prec=200 bits)"
"fp2","attention.fixed_pattern","sweep_all","validated-interval","interval_mpmath","True","0.5806488142641228","direct mpmath.iv box enclosure (prec=200 bits)"
"fp3","attention.fixed_pattern","sweep_all","validated-interval","interval_mpmath","True","5.956483701892962","direct mpmath.iv box enclosure (prec=200 bits)"
"fp4","attention.fixed_pattern","sweep_all","validated-interval","interval_mpmath","True","2.363472335006041","direct mpmath.iv box enclosure (prec=200 bits)"
"fp5","attention.fixed_pattern","sweep_all","validated-interval","interval_mpmath","True","5.7902768334332855","direct mpmath.iv box enclosure (prec=200 bits)"
"fp6","attention.fixed_pattern","sweep_all","validated-interval","interval_mpmath","True","11.32493463890468","direct mpmath.iv box enclosure (prec=200 bits)"
"fp7","attention.fixed_pattern","sweep_all","validated-interval","interval_mpmath","True","0.004297593620608056","direct mpmath.iv box enclosure (prec=200 bits)"
"fp8","attention.fixed_pattern","sweep_all","validated-interval","interval_mpmath","True","0.1680167013988406","direct mpmath.iv box enclosure (prec=200 bits)"
"fp9","attention.fixed_pattern","sweep_all","validated-interval","interval_mpmath","True","1.7248692501419918","direct mpmath.iv box enclosure (prec=200 bits)"
"ld1","attention.linear_dominance","sweep_all","validated-interval","interval_mpmath","True","0.0925962598930472","direct mpmath.iv box enclosure (prec=200 bits)"
"ld10","attention.linear_dominance","sweep_all","validated-interval","interval_mpmath","True","0.2843800258082934","direct mpmath.iv box enclosure (prec=200 bits)"
"ld11","attention.linear_dominance","sweep_all","validated-interval","interval_mpmath","True","0.28528226188921846","direct mpmath.iv box enclosure (prec=200 bits)"
"ld12","attention.linear_dominance","sweep_all","validated-interval","interval_mpmath","True","0.33035893594728494","direct mpmath.iv box enclosure (prec=200 bits)"
"ld13","attention.linear_dominance","sweep_all","validated-interval","interval_mpmath","True","0.27515789644935734","direct mpmath.iv box enclosure (prec=200 bits)"
"ld14","attention.linear_dominance","sweep_all","validated-interval","interval_mpmath","True","0.2707668334391192","direct mpmath.iv box enclosure (prec=200 bits)"
"ld15","attention.linear_dominance","sweep_all","validated-interval","interval_mpmath","True","0.27684776775551284","direct mpmath.iv box enclosure (prec=200 bits)"
"ld16","attention.linear_dominance","sweep_all","validated-interval","interval_mpmath","True","0.1052968261686633","direct mpmath.iv box enclosure (prec=200 bits)"
"ld17","attention.linear_dominance","sweep_all","validated-interval","interval_mpmath","True","0.2645403687552124","direct mpmath.iv box enclosure (prec=200 bits)"
"ld18","attention.linear_dominance","sweep_all","validated-interval","interval_mpmath","True","0.6130596317644057","direct mpmath.iv box enclosure (prec=200 bits)"
"ld2","attention.linear_dominance","sweep_all","validated-interval","interval_mpmath","True","0.26476458918056345","direct mpmath.iv box enclosure (prec=200 bits)"
"ld3","attention.linear_dominance","sweep_all","validated-interval","interval_mpmath","True","0.4798025969680923","direct mpmath.iv box enclosure (prec=200 bits)"
"ld4","attention.linear_dominance","sweep_all","validated-interval","interval_mpmath","True","0.06399248504467567","direct mpmath.iv box enclosure (prec=200 bits)"
"ld5","attention.linear_dominance","sweep_all","validated-interval","interval_mpmath","True","0.1663207855207499","direct mpmath.iv box enclosure (prec=200 bits)"
"ld6","attention.linear_dominance","sweep_all","validated-interval","interval_mpmath","True","0.5500519719106729","direct mpmath.iv box enclosure (prec=200 bits)"
"ld7","attention.linear_dominance","sweep_all","validated-interval","interval_mpmath","True","0.19933612021939925","direct mpmath.iv box enclosure (prec=200 bits)"
"ld8","attention.linear_dominance","sweep_all","validated-interval","interval_mpmath","True","0.2954988466519833","direct mpmath.iv box enclosure (prec=200 bits)"
"ld9","attention.linear_dominance","sweep_all","validated-interval","interval_mpmath","True","0.40530061192546923","direct mpmath.iv box enclosure (prec=200 bits)"
"meap1","mlp_relu.meap","sweep_all","exact-rational","exact_rational","True","0.0010000000474974513","P=2, lb=gamma (f_label>=gamma pointwise)"
"meap10","mlp_relu.meap","sweep_all","exact-rational","exact_rational","True","9.999999747378752e-05","P=16, lb=gamma (f_label>=gamma pointwise)"
"meap11","mlp_relu.meap","sweep_all","exact-rational","exact_rational","True","9.999999747378752e-06","P=16, lb=gamma (f_label>=gamma pointwise)"
"meap12","mlp_relu.meap","sweep_all","exact-rational","exact_rational","True","1.0","P=16, lb=gamma (f_label>=gamma pointwise)"
"meap13","mlp_relu.meap","sweep_all","exact-rational","exact_rational","True","0.0010000000474974513","P=2, lb=gamma (f_label>=gamma pointwise)"
"meap14","mlp_relu.meap","sweep_all","exact-rational","exact_rational","True","100.0","P=16, lb=gamma (f_label>=gamma pointwise)"
"meap2","mlp_relu.meap","sweep_all","exact-rational","exact_rational","True","0.0010000000474974513","P=16, lb=gamma (f_label>=gamma pointwise)"
"meap3","mlp_relu.meap","sweep_all","exact-rational","exact_rational","True","0.0010000000474974513","P=32, lb=gamma (f_label>=gamma pointwise)"
"meap4","mlp_relu.meap","sweep_all","exact-rational","exact_rational","True","0.0010000000474974513","P=128, lb=gamma (f_label>=gamma pointwise)"
"meap5","mlp_relu.meap","sweep_all","exact-rational","exact_rational","True","0.0010000000474974513","P=16, lb=gamma (f_label>=gamma pointwise)"
"meap6","mlp_relu.meap","sweep_all","exact-rational","exact_rational","True","0.0010000000474974513","P=16, lb=gamma (f_label>=gamma pointwise)"
"meap7","mlp_relu.meap","sweep_all","exact-rational","exact_rational","True","0.0010000000474974513","P=16, lb=gamma (f_label>=gamma pointwise)"
"meap8","mlp_relu.meap","sweep_all","exact-rational","exact_rational","True","0.0010000000474974513","P=16, lb=gamma (f_label>=gamma pointwise)"
"meap9","mlp_relu.meap","sweep_all","exact-rational","exact_rational","True","0.0010000000474974513","P=16, lb=gamma (f_label>=gamma pointwise)"
"milp1","mlp_relu.milp.exact_radius","sweep_all","inconclusive","inconclusive","False","None","exact-rational IBP + box-BaB too loose for this near-boundary MILP instance; robustness at eps<r* rests on the exact-radius MILP (complete)"
"milp10","mlp_relu.milp.exact_radius","sweep_all","inconclusive","inconclusive","False","None","exact-rational IBP + box-BaB too loose for this near-boundary MILP instance; robustness at eps<r* rests on the exact-radius MILP (complete)"
"milp11","mlp_relu.milp.exact_radius","sweep_all","inconclusive","inconclusive","False","None","exact-rational IBP + box-BaB too loose for this near-boundary MILP instance; robustness at eps<r* rests on the exact-radius MILP (complete)"
"milp12","mlp_relu.milp.exact_radius","sweep_all","inconclusive","inconclusive","False","None","exact-rational IBP + box-BaB too loose for this near-boundary MILP instance; robustness at eps<r* rests on the exact-radius MILP (complete)"
"milp13","mlp_relu.milp.exact_radius","sweep_all","inconclusive","inconclusive","False","None","exact-rational IBP + box-BaB too loose for this near-boundary MILP instance; robustness at eps<r* rests on the exact-radius MILP (complete)"
"milp14","mlp_relu.milp.exact_radius","sweep_all","inconclusive","inconclusive","False","None","exact-rational IBP + box-BaB too loose for this near-boundary MILP instance; robustness at eps<r* rests on the exact-radius MILP (complete)"
"milp15","mlp_relu.milp.exact_radius","sweep_all","inconclusive","inconclusive","False","None","exact-rational IBP + box-BaB too loose for this near-boundary MILP instance; robustness at eps<r* rests on the exact-radius MILP (complete)"
"milp16","mlp_relu.milp.exact_radius","sweep_all","inconclusive","inconclusive","False","None","exact-rational IBP + box-BaB too loose for this near-boundary MILP instance; robustness at eps<r* rests on the exact-radius MILP (complete)"
"milp17","mlp_relu.milp.exact_radius","sweep_all","inconclusive","inconclusive","False","None","exact-rational IBP + box-BaB too loose for this near-boundary MILP instance; robustness at eps<r* rests on the exact-radius MILP (complete)"
"milp18","mlp_relu.milp.exact_radius","sweep_all","inconclusive","inconclusive","False","None","exact-rational IBP + box-BaB too loose for this near-boundary MILP instance; robustness at eps<r* rests on the exact-radius MILP (complete)"
"milp19","mlp_relu.milp.exact_radius","sweep_all","inconclusive","inconclusive","False","None","exact-rational IBP + box-BaB too loose for this near-boundary MILP instance; robustness at eps<r* rests on the exact-radius MILP (complete)"
"milp2","mlp_relu.milp.exact_radius","sweep_all","inconclusive","inconclusive","False","None","exact-rational IBP + box-BaB too loose for this near-boundary MILP instance; robustness at eps<r* rests on the exact-radius MILP (complete)"
"milp20","mlp_relu.milp.exact_radius","sweep_all","inconclusive","inconclusive","False","None","exact-rational IBP + box-BaB too loose for this near-boundary MILP instance; robustness at eps<r* rests on the exact-radius MILP (complete)"
"milp21","mlp_relu.milp.exact_radius","sweep_all","inconclusive","inconclusive","False","None","exact-rational IBP + box-BaB too loose for this near-boundary MILP instance; robustness at eps<r* rests on the exact-radius MILP (complete)"
"milp22","mlp_relu.milp.exact_radius","sweep_all","inconclusive","inconclusive","False","None","exact-rational IBP + box-BaB too loose for this near-boundary MILP instance; robustness at eps<r* rests on the exact-radius MILP (complete)"
"milp23","mlp_relu.milp.exact_radius","sweep_all","inconclusive","inconclusive","False","None","exact-rational IBP + box-BaB too loose for this near-boundary MILP instance; robustness at eps<r* rests on the exact-radius MILP (complete)"
"milp24","mlp_relu.milp.exact_radius","sweep_all","inconclusive","inconclusive","False","None","exact-rational IBP + box-BaB too loose for this near-boundary MILP instance; robustness at eps<r* rests on the exact-radius MILP (complete)"
"milp25","mlp_relu.milp.exact_radius","sweep_all","inconclusive","inconclusive","False","None","exact-rational IBP + box-BaB too loose for this near-boundary MILP instance; robustness at eps<r* rests on the exact-radius MILP (complete)"
"milp26","mlp_relu.milp.exact_radius","sweep_all","inconclusive","inconclusive","False","None","exact-rational IBP + box-BaB too loose for this near-boundary MILP instance; robustness at eps<r* rests on the exact-radius MILP (complete)"
"milp27","mlp_relu.milp.exact_radius","sweep_all","inconclusive","inconclusive","False","None","exact-rational IBP + box-BaB too loose for this near-boundary MILP instance; robustness at eps<r* rests on the exact-radius MILP (complete)"
"milp28","mlp_relu.milp.exact_radius","sweep_all","inconclusive","inconclusive","False","None","exact-rational IBP + box-BaB too loose for this near-boundary MILP instance; robustness at eps<r* rests on the exact-radius MILP (complete)"
"milp29","mlp_relu.milp.exact_radius","sweep_all","inconclusive","inconclusive","False","None","exact-rational IBP + box-BaB too loose for this near-boundary MILP instance; robustness at eps<r* rests on the exact-radius MILP (complete)"
"milp3","mlp_relu.milp.exact_radius","sweep_all","inconclusive","inconclusive","False","None","exact-rational IBP + box-BaB too loose for this near-boundary MILP instance; robustness at eps<r* rests on the exact-radius MILP (complete)"
"milp30","mlp_relu.milp.exact_radius","sweep_all","inconclusive","inconclusive","False","None","exact-rational IBP + box-BaB too loose for this near-boundary MILP instance; robustness at eps<r* rests on the exact-radius MILP (complete)"
"milp31","mlp_relu.milp.exact_radius","sweep_all","inconclusive","inconclusive","False","None","exact-rational IBP + box-BaB too loose for this near-boundary MILP instance; robustness at eps<r* rests on the exact-radius MILP (complete)"
"milp4","mlp_relu.milp.exact_radius","sweep_all","inconclusive","inconclusive","False","None","exact-rational IBP + box-BaB too loose for this near-boundary MILP instance; robustness at eps<r* rests on the exact-radius MILP (complete)"
"milp5","mlp_relu.milp.exact_radius","sweep_all","inconclusive","inconclusive","False","None","exact-rational IBP + box-BaB too loose for this near-boundary MILP instance; robustness at eps<r* rests on the exact-radius MILP (complete)"
"milp6","mlp_relu.milp.exact_radius","sweep_all","inconclusive","inconclusive","False","None","exact-rational IBP + box-BaB too loose for this near-boundary MILP instance; robustness at eps<r* rests on the exact-radius MILP (complete)"
"milp7","mlp_relu.milp.exact_radius","sweep_all","inconclusive","inconclusive","False","None","exact-rational IBP + box-BaB too loose for this near-boundary MILP instance; robustness at eps<r* rests on the exact-radius MILP (complete)"
"milp8","mlp_relu.milp.exact_radius","sweep_all","inconclusive","inconclusive","False","None","exact-rational IBP + box-BaB too loose for this near-boundary MILP instance; robustness at eps<r* rests on the exact-radius MILP (complete)"
"milp9","mlp_relu.milp.exact_radius","sweep_all","inconclusive","inconclusive","False","None","exact-rational IBP + box-BaB too loose for this near-boundary MILP instance; robustness at eps<r* rests on the exact-radius MILP (complete)"
"pb_cnn_1","cnn.cnn_paired_bias","sweep_all","exact-rational","exact_rational","True","0.10000000149011612","P=2, HW=16, lb=fc_bias[label]"
"pb_cnn_10","cnn.cnn_paired_bias","sweep_all","exact-rational","exact_rational","True","0.10000000149011612","P=32, HW=16, lb=fc_bias[label]"
"pb_cnn_11","cnn.cnn_paired_bias","sweep_all","exact-rational","exact_rational","True","1.0","P=8, HW=16, lb=fc_bias[label]"
"pb_cnn_12","cnn.cnn_paired_bias","sweep_all","exact-rational","exact_rational","True","0.5","P=8, HW=16, lb=fc_bias[label]"
"pb_cnn_13","cnn.cnn_paired_bias","sweep_all","exact-rational","exact_rational","True","0.10000000149011612","P=8, HW=16, lb=fc_bias[label]"
"pb_cnn_14","cnn.cnn_paired_bias","sweep_all","exact-rational","exact_rational","True","0.05000000074505806","P=8, HW=16, lb=fc_bias[label]"
"pb_cnn_15","cnn.cnn_paired_bias","sweep_all","exact-rational","exact_rational","True","0.0010000000474974513","P=8, HW=16, lb=fc_bias[label]"
"pb_cnn_16","cnn.cnn_paired_bias","sweep_all","exact-rational","exact_rational","True","1.0","P=8, HW=16, lb=fc_bias[label]"
"pb_cnn_17","cnn.cnn_paired_bias","sweep_all","exact-rational","exact_rational","True","0.5","P=8, HW=16, lb=fc_bias[label]"
"pb_cnn_18","cnn.cnn_paired_bias","sweep_all","exact-rational","exact_rational","True","0.10000000149011612","P=8, HW=16, lb=fc_bias[label]"
"pb_cnn_19","cnn.cnn_paired_bias","sweep_all","exact-rational","exact_rational","True","0.05000000074505806","P=8, HW=16, lb=fc_bias[label]"
"pb_cnn_2","cnn.cnn_paired_bias","sweep_all","exact-rational","exact_rational","True","0.10000000149011612","P=4, HW=16, lb=fc_bias[label]"
"pb_cnn_20","cnn.cnn_paired_bias","sweep_all","exact-rational","exact_rational","True","0.0010000000474974513","P=8, HW=16, lb=fc_bias[label]"
"pb_cnn_21","cnn.cnn_paired_bias","sweep_all","exact-rational","exact_rational","True","0.10000000149011612","P=8, HW=16, lb=fc_bias[label]"
"pb_cnn_22","cnn.cnn_paired_bias","sweep_all","exact-rational","exact_rational","True","0.10000000149011612","P=8, HW=16, lb=fc_bias[label]"
"pb_cnn_23","cnn.cnn_paired_bias","sweep_all","exact-rational","exact_rational","True","0.10000000149011612","P=8, HW=16, lb=fc_bias[label]"
"pb_cnn_24","cnn.cnn_paired_bias","sweep_all","exact-rational","exact_rational","True","0.10000000149011612","P=8, HW=16, lb=fc_bias[label]"
"pb_cnn_25","cnn.cnn_paired_bias","sweep_all","exact-rational","exact_rational","True","0.10000000149011612","P=8, HW=16, lb=fc_bias[label]"
"pb_cnn_26","cnn.cnn_paired_bias","sweep_all","exact-rational","exact_rational","True","0.10000000149011612","P=8, HW=16, lb=fc_bias[label]"
"pb_cnn_27","cnn.cnn_paired_bias","sweep_all","exact-rational","exact_rational","True","0.10000000149011612","P=8, HW=16, lb=fc_bias[label]"
"pb_cnn_28","cnn.cnn_paired_bias","sweep_all","exact-rational","exact_rational","True","0.10000000149011612","P=8, HW=16, lb=fc_bias[label]"
"pb_cnn_29","cnn.cnn_paired_bias","sweep_all","exact-rational","exact_rational","True","0.10000000149011612","P=8, HW=16, lb=fc_bias[label]"
"pb_cnn_3","cnn.cnn_paired_bias","sweep_all","exact-rational","exact_rational","True","0.10000000149011612","P=8, HW=16, lb=fc_bias[label]"
"pb_cnn_30","cnn.cnn_paired_bias","sweep_all","exact-rational","exact_rational","True","0.10000000149011612","P=8, HW=16, lb=fc_bias[label]"
"pb_cnn_31","cnn.cnn_paired_bias","sweep_all","exact-rational","exact_rational","True","0.10000000149011612","P=8, HW=16, lb=fc_bias[label]"
"pb_cnn_32","cnn.cnn_paired_bias","sweep_all","exact-rational","exact_rational","True","0.10000000149011612","P=8, HW=16, lb=fc_bias[label]"
"pb_cnn_33","cnn.cnn_paired_bias","sweep_all","exact-rational","exact_rational","True","0.10000000149011612","P=8, HW=16, lb=fc_bias[label]"
"pb_cnn_34","cnn.cnn_paired_bias","sweep_all","exact-rational","exact_rational","True","0.10000000149011612","P=8, HW=16, lb=fc_bias[label]"
"pb_cnn_35","cnn.cnn_paired_bias","sweep_all","exact-rational","exact_rational","True","0.10000000149011612","P=8, HW=16, lb=fc_bias[label]"
"pb_cnn_36","cnn.cnn_paired_bias","sweep_all","exact-rational","exact_rational","True","0.10000000149011612","P=8, HW=16, lb=fc_bias[label]"
"pb_cnn_37","cnn.cnn_paired_bias","sweep_all","exact-rational","exact_rational","True","0.10000000149011612","P=8, HW=16, lb=fc_bias[label]"
"pb_cnn_38","cnn.cnn_paired_bias","sweep_all","exact-rational","exact_rational","True","0.10000000149011612","P=8, HW=16, lb=fc_bias[label]"
"pb_cnn_39","cnn.cnn_paired_bias","sweep_all","exact-rational","exact_rational","True","0.10000000149011612","P=8, HW=16, lb=fc_bias[label]"
"pb_cnn_4","cnn.cnn_paired_bias","sweep_all","exact-rational","exact_rational","True","0.10000000149011612","P=16, HW=16, lb=fc_bias[label]"
"pb_cnn_40","cnn.cnn_paired_bias","sweep_all","exact-rational","exact_rational","True","0.10000000149011612","P=8, HW=64, lb=fc_bias[label]"
"pb_cnn_41","cnn.cnn_paired_bias","sweep_all","exact-rational","exact_rational","True","0.10000000149011612","P=8, HW=144, lb=fc_bias[label]"
"pb_cnn_42","cnn.cnn_paired_bias","sweep_all","exact-rational","exact_rational","True","0.10000000149011612","P=8, HW=256, lb=fc_bias[label]"
"pb_cnn_43","cnn.cnn_paired_bias","sweep_all","exact-rational","exact_rational","True","0.10000000149011612","P=8, HW=16, lb=fc_bias[label]"
"pb_cnn_44","cnn.cnn_paired_bias","sweep_all","exact-rational","exact_rational","True","0.10000000149011612","P=8, HW=64, lb=fc_bias[label]"
"pb_cnn_45","cnn.cnn_paired_bias","sweep_all","exact-rational","exact_rational","True","0.10000000149011612","P=8, HW=144, lb=fc_bias[label]"
"pb_cnn_46","cnn.cnn_paired_bias","sweep_all","exact-rational","exact_rational","True","0.10000000149011612","P=8, HW=256, lb=fc_bias[label]"
"pb_cnn_5","cnn.cnn_paired_bias","sweep_all","exact-rational","exact_rational","True","0.10000000149011612","P=32, HW=16, lb=fc_bias[label]"
"pb_cnn_6","cnn.cnn_paired_bias","sweep_all","exact-rational","exact_rational","True","0.10000000149011612","P=2, HW=16, lb=fc_bias[label]"
"pb_cnn_7","cnn.cnn_paired_bias","sweep_all","exact-rational","exact_rational","True","0.10000000149011612","P=4, HW=16, lb=fc_bias[label]"
"pb_cnn_8","cnn.cnn_paired_bias","sweep_all","exact-rational","exact_rational","True","0.10000000149011612","P=8, HW=16, lb=fc_bias[label]"
"pb_cnn_9","cnn.cnn_paired_bias","sweep_all","exact-rational","exact_rational","True","0.10000000149011612","P=16, HW=16, lb=fc_bias[label]"
"rc1","mlp_relu.corners","sweep_all","exact-rational","exact_rational","True","4.0","active_dim=8, exact min over 256 corners (concave margin)"
"rc10","mlp_relu.corners","sweep_all","exact-rational","exact_rational","True","4.0","active_dim=8, exact min over 256 corners (concave margin)"
"rc11","mlp_relu.corners","sweep_all","exact-rational","exact_rational","True","4.0","active_dim=8, exact min over 256 corners (concave margin)"
"rc12","mlp_relu.corners","sweep_all","exact-rational","exact_rational","True","4.0","active_dim=8, exact min over 256 corners (concave margin)"
"rc13","mlp_relu.corners","sweep_all","exact-rational","exact_rational","True","4.0","active_dim=8, exact min over 256 corners (concave margin)"
"rc14","mlp_relu.corners","sweep_all","exact-rational","exact_rational","True","3.999971610396139","active_dim=8, exact min over 256 corners (concave margin)"
"rc15","mlp_relu.corners","sweep_all","exact-rational","exact_rational","True","3.999758879204621","active_dim=8, exact min over 256 corners (concave margin)"
"rc16","mlp_relu.corners","sweep_all","exact-rational","exact_rational","True","3.9860179718169437","active_dim=8, exact min over 256 corners (concave margin)"
"rc17","mlp_relu.corners","sweep_all","exact-rational","exact_rational","True","3.987967273265395","active_dim=8, exact min over 256 corners (concave margin)"
"rc18","mlp_relu.corners","sweep_all","exact-rational","exact_rational","True","3.9493446265025853","active_dim=8, exact min over 256 corners (concave margin)"
"rc19","mlp_relu.corners","sweep_all","exact-rational","exact_rational","True","4.0","active_dim=8, exact min over 256 corners (concave margin)"
"rc2","mlp_relu.corners","sweep_all","exact-rational","exact_rational","True","4.0","active_dim=8, exact min over 256 corners (concave margin)"
"rc20","mlp_relu.corners","sweep_all","exact-rational","exact_rational","True","4.0","active_dim=8, exact min over 256 corners (concave margin)"
"rc21","mlp_relu.corners","sweep_all","exact-rational","exact_rational","True","4.0","active_dim=8, exact min over 256 corners (concave margin)"
"rc22","mlp_relu.corners","sweep_all","exact-rational","exact_rational","True","4.0","active_dim=8, exact min over 256 corners (concave margin)"
"rc3","mlp_relu.corners","sweep_all","exact-rational","exact_rational","True","4.0","active_dim=8, exact min over 256 corners (concave margin)"
"rc4","mlp_relu.corners","sweep_all","exact-rational","exact_rational","True","4.0","active_dim=8, exact min over 256 corners (concave margin)"
"rc5","mlp_relu.corners","sweep_all","exact-rational","exact_rational","True","4.0","active_dim=8, exact min over 256 corners (concave margin)"
"rc6","mlp_relu.corners","sweep_all","exact-rational","exact_rational","True","4.0","active_dim=8, exact min over 256 corners (concave margin)"
"rc7","mlp_relu.corners","sweep_all","exact-rational","exact_rational","True","4.0","active_dim=8, exact min over 256 corners (concave margin)"
"rc8","mlp_relu.corners","sweep_all","exact-rational","exact_rational","True","4.0","active_dim=8, exact min over 256 corners (concave margin)"
"rc9","mlp_relu.corners","sweep_all","exact-rational","exact_rational","True","4.0","active_dim=8, exact min over 256 corners (concave margin)"
"poly01_easy_N50_d10","polynomial.algebraic_boundary","polynomial_stress_22","validated-interval","interval_mpmath","False","-15510.000762258964","degree=10, nonconvex shipped; iv box enclosure"
"poly02_easy_d2","polynomial.algebraic_boundary","polynomial_stress_22","validated-interval","interval_mpmath","False","-3.1786266318908902","degree=2, nonconvex shipped; iv box enclosure"
"poly03_easy_d6","polynomial.algebraic_boundary","polynomial_stress_22","validated-interval","interval_mpmath","False","-101.94573233019784","degree=6, nonconvex shipped; iv box enclosure"
"poly04_easy_d10_h50","polynomial.algebraic_boundary","polynomial_stress_22","validated-interval","interval_mpmath","False","-754.3163061657822","degree=10, nonconvex shipped; iv box enclosure"
"poly05_easy_d10_h500","polynomial.algebraic_boundary","polynomial_stress_22","validated-interval","interval_mpmath","False","-142241.2197330902","degree=10, nonconvex shipped; iv box enclosure"
"poly06_deg12","polynomial.algebraic_boundary","polynomial_stress_22","validated-interval","interval_mpmath","False","-102925.64266269842","degree=12, nonconvex shipped; iv box enclosure"
"poly07_deg14","polynomial.algebraic_boundary","polynomial_stress_22","validated-interval","interval_mpmath","False","-1885669.890318509","degree=14, nonconvex shipped; iv box enclosure"
"poly08_deg16","polynomial.algebraic_boundary","polynomial_stress_22","validated-interval","interval_mpmath","False","-2095451384.0415282","degree=16, nonconvex shipped; iv box enclosure"
"poly09_deg17","polynomial.algebraic_boundary","polynomial_stress_22","validated-interval","interval_mpmath","False","-325039355.2642958","degree=17, nonconvex shipped; iv box enclosure"
"poly10_deg18_a","polynomial.algebraic_boundary","polynomial_stress_22","validated-interval","interval_mpmath","False","-169436762.1196352","degree=18, nonconvex shipped; iv box enclosure"
"poly11_deg18_b","polynomial.algebraic_boundary","polynomial_stress_22","validated-interval","interval_mpmath","False","-50068604.38858558","degree=18, nonconvex shipped; iv box enclosure"
"poly12_deg19_a","polynomial.algebraic_boundary","polynomial_stress_22","validated-interval","interval_mpmath","False","-1597374518.4099782","degree=19, nonconvex shipped; iv box enclosure"
"poly13_deg19_b","polynomial.algebraic_boundary","polynomial_stress_22","validated-interval","interval_mpmath","False","-381395270.56324935","degree=19, nonconvex shipped; iv box enclosure"
"poly14_deg20","polynomial.algebraic_boundary","polynomial_stress_22","validated-interval","interval_mpmath","False","-17910770225.326344","degree=20, nonconvex shipped; iv box enclosure"
"poly15_deg21","polynomial.algebraic_boundary","polynomial_stress_22","validated-interval","interval_mpmath","False","-11215662635.584023","degree=21, nonconvex shipped; iv box enclosure"
"poly16_deg22","polynomial.algebraic_boundary","polynomial_stress_22","validated-interval","interval_mpmath","False","-3558546241.1224413","degree=22, nonconvex shipped; iv box enclosure"
"poly17_delta2e3","polynomial.algebraic_boundary","polynomial_stress_22","validated-interval","interval_mpmath","False","-11380.978455860384","degree=10, nonconvex shipped; iv box enclosure"
"poly18_delta1e3","polynomial.algebraic_boundary","polynomial_stress_22","validated-interval","interval_mpmath","False","-17181.880697153956","degree=10, nonconvex shipped; iv box enclosure"
"poly19_delta5e4","polynomial.algebraic_boundary","polynomial_stress_22","validated-interval","interval_mpmath","False","-16208.808104589676","degree=10, nonconvex shipped; iv box enclosure"
"poly20_delta2e4","polynomial.algebraic_boundary","polynomial_stress_22","validated-interval","interval_mpmath","False","-32307.96722319035","degree=10, nonconvex shipped; iv box enclosure"
"poly21_delta1e4","polynomial.algebraic_boundary","polynomial_stress_22","validated-interval","interval_mpmath","False","-12442.276689236633","degree=10, nonconvex shipped; iv box enclosure"
"poly22_combo_deg18_delta1e3","polynomial.algebraic_boundary","polynomial_stress_22","validated-interval","interval_mpmath","False","-54166447.748806454","degree=18, nonconvex shipped; iv box enclosure"
"polyconv_d10_s1","polynomial.algebraic_boundary(convex_companion)","poly_convex","exact-rational","exact_rational","True","352.6153826999044","convex Prop-11, degree=10: lb=mu(x0)-eps*||grad||_1"
"polyconv_d10_s2","polynomial.algebraic_boundary(convex_companion)","poly_convex","exact-rational","exact_rational","True","231.94188414740952","convex Prop-11, degree=10: lb=mu(x0)-eps*||grad||_1"
"polyconv_d12_s1","polynomial.algebraic_boundary(convex_companion)","poly_convex","exact-rational","exact_rational","True","2552.5179547971516","convex Prop-11, degree=12: lb=mu(x0)-eps*||grad||_1"
"polyconv_d12_s2","polynomial.algebraic_boundary(convex_companion)","poly_convex","exact-rational","exact_rational","True","1491.511702109048","convex Prop-11, degree=12: lb=mu(x0)-eps*||grad||_1"
"polyconv_d2_s1","polynomial.algebraic_boundary(convex_companion)","poly_convex","exact-rational","exact_rational","True","0.11683843950523935","convex Prop-11, degree=2: lb=mu(x0)-eps*||grad||_1"
"polyconv_d2_s2","polynomial.algebraic_boundary(convex_companion)","poly_convex","exact-rational","exact_rational","True","0.09387506871630803","convex Prop-11, degree=2: lb=mu(x0)-eps*||grad||_1"
"polyconv_d4_s1","polynomial.algebraic_boundary(convex_companion)","poly_convex","exact-rational","exact_rational","True","0.7580429036388933","convex Prop-11, degree=4: lb=mu(x0)-eps*||grad||_1"
"polyconv_d4_s2","polynomial.algebraic_boundary(convex_companion)","poly_convex","exact-rational","exact_rational","True","0.575361805576738","convex Prop-11, degree=4: lb=mu(x0)-eps*||grad||_1"
"polyconv_d6_s1","polynomial.algebraic_boundary(convex_companion)","poly_convex","exact-rational","exact_rational","True","6.3700291990991245","convex Prop-11, degree=6: lb=mu(x0)-eps*||grad||_1"
"polyconv_d6_s2","polynomial.algebraic_boundary(convex_companion)","poly_convex","exact-rational","exact_rational","True","3.8376950483113057","convex Prop-11, degree=6: lb=mu(x0)-eps*||grad||_1"
"polyconv_d8_s1","polynomial.algebraic_boundary(convex_companion)","poly_convex","exact-rational","exact_rational","True","47.40306761361943","convex Prop-11, degree=8: lb=mu(x0)-eps*||grad||_1"
"polyconv_d8_s2","polynomial.algebraic_boundary(convex_companion)","poly_convex","exact-rational","exact_rational","True","31.677902234143264","convex Prop-11, degree=8: lb=mu(x0)-eps*||grad||_1"