verifier,scenario,feature,std_coef,odds_ratio,nonzero_freq,sign_consistency,median_coef
abcrown,synthetic,input_dim,0.22977242515315788,1.2583136168141533,0.8166666666666667,0.9795918367346939,0.18293438931078748
abcrown,synthetic,output_dim,0.0,1.0,0.4166666666666667,1.0,0.0
abcrown,synthetic,n_param_total,0.32538309915384483,1.3845609685266953,0.95,1.0,0.4340197908827227
abcrown,synthetic,n_nodes,-1.3781622607859128,0.2520413139187868,1.0,1.0,-1.3630119198790656
abcrown,synthetic,n_gemm_matmul,0.0,1.0,0.11666666666666667,0.8571428571428571,0.0
abcrown,synthetic,n_conv,-0.21690392273992923,0.8050073084862099,0.6,1.0,-0.06055591210445377
abcrown,synthetic,n_relu,0.0,1.0,0.1,1.0,0.0
abcrown,synthetic,n_add,0.48731272028877903,1.6279356182823945,0.5666666666666667,0.8823529411764706,0.06308485365155006
abcrown,synthetic,n_mul,-0.05631263273559059,0.9452435756070522,0.4,1.0,0.0
abcrown,synthetic,n_softmax,-0.05631263273559059,0.9452435756070522,0.4,1.0,0.0
abcrown,synthetic,n_pow,-0.1386796622885027,0.870506839967905,0.8166666666666667,0.9795918367346939,-0.1552788212682139
abcrown,synthetic,graph_depth,-1.0748522150389057,0.34134819770370484,1.0,1.0,-1.1190573556453307
abcrown,synthetic,n_hidden_layers,-0.04428384307653601,0.9566823712634103,0.8,1.0,-0.1354450125579154
abcrown,synthetic,max_hidden_width,0.7946254985556809,2.2136118407221774,0.9666666666666667,1.0,0.8254776384569981
abcrown,synthetic,onnx_file_bytes,0.8898271574357175,2.4347087936086935,1.0,1.0,0.7244223092803952
abcrown,synthetic,arch_MLP,0.21685424376143808,1.242163035930522,0.6333333333333333,1.0,0.14469172857241352
abcrown,synthetic,arch_CNN,0.0,1.0,0.15,0.8888888888888888,0.0
abcrown,synthetic,arch_ATTENTION,-0.05631263273559316,0.9452435756070497,0.4,1.0,0.0
abcrown,synthetic,arch_POLYNOMIAL,-0.13867966228850462,0.8705068399679033,0.8166666666666667,0.9795918367346939,-0.1552788212682139
abcrown,synthetic,arch_HYBRID,0.0,1.0,0.0,0.0,0.0
abcrown,synthetic,arch_OTHER,0.0,1.0,0.0,0.0,0.0
abcrown,synthetic,has_conv,0.0,1.0,0.15,0.8888888888888888,0.0
abcrown,synthetic,has_softmax,-0.05631263273559316,0.9452435756070497,0.4,1.0,0.0
abcrown,synthetic,has_add_residual,0.0,1.0,0.05,1.0,0.0
abcrown,synthetic,has_pow,-0.13867966228850462,0.8705068399679033,0.8166666666666667,0.9795918367346939,-0.1552788212682139
abcrown,synthetic,margin_hat_min,0.3899696768076367,1.4769360077889448,0.9666666666666667,0.9137931034482759,0.35313634832145213
abcrown,synthetic,g_ibp,0.8360539092479563,2.3072443935840603,1.0,1.0,0.8563935248638942
abcrown,synthetic,unstable_fraction,0.5285540393635582,1.69647749458625,0.7666666666666667,0.9130434782608695,0.48078734912902454
abcrown,synthetic,a_tau,0.03841790006613347,1.0391654094443017,0.6666666666666666,0.85,0.0584765537155663
abcrown,synthetic,d_eff,1.0765947295854923,2.934669174602725,1.0,1.0,0.9530824498867986
abcrown,combined,input_dim,0.09114134404028769,1.0954238259461035,0.7666666666666667,0.8913043478260869,0.11094321568196133
abcrown,combined,output_dim,-0.24232616711643587,0.7848001597967135,0.9,1.0,-0.22342189100378534
abcrown,combined,n_param_total,0.14457530622705037,1.1555487117009116,0.9833333333333333,1.0,0.14070220665620137
abcrown,combined,n_nodes,-0.3492880595975786,0.7051899642720768,1.0,1.0,-0.32334175656376807
abcrown,combined,n_gemm_matmul,0.0,1.0,0.25,1.0,0.0
abcrown,combined,n_conv,0.0,1.0,0.3,1.0,0.0
abcrown,combined,n_relu,0.0,1.0,0.06666666666666667,1.0,0.0
abcrown,combined,n_add,0.0,1.0,0.48333333333333334,0.5172413793103449,0.0
abcrown,combined,n_mul,0.0,1.0,0.2,1.0,0.0
abcrown,combined,n_softmax,0.0,1.0,0.2,1.0,0.0
abcrown,combined,n_pow,0.0,1.0,0.3,0.7222222222222222,0.0
abcrown,combined,graph_depth,-0.2690784135645071,0.764083338800907,1.0,1.0,-0.24269476508370091
abcrown,combined,n_hidden_layers,0.0,1.0,0.06666666666666667,1.0,0.0
abcrown,combined,max_hidden_width,0.32651617568880437,1.3861306712000465,0.9833333333333333,1.0,0.280683626287621
abcrown,combined,onnx_file_bytes,0.12358686474483294,1.131548291926807,0.95,1.0,0.13273403824845215
abcrown,combined,arch_MLP,0.0,1.0,0.4166666666666667,0.72,0.0
abcrown,combined,arch_CNN,0.0,1.0,0.48333333333333334,0.5172413793103449,0.0
abcrown,combined,arch_ATTENTION,0.0,1.0,0.2,1.0,0.0
abcrown,combined,arch_POLYNOMIAL,0.0,1.0,0.3,0.7222222222222222,0.0
abcrown,combined,arch_HYBRID,0.0,1.0,0.0,0.0,0.0
abcrown,combined,arch_OTHER,0.0,1.0,0.0,0.0,0.0
abcrown,combined,has_conv,0.0,1.0,0.48333333333333334,0.5172413793103449,0.0
abcrown,combined,has_softmax,0.0,1.0,0.2,1.0,0.0
abcrown,combined,has_add_residual,0.0,1.0,0.4166666666666667,1.0,0.0
abcrown,combined,has_pow,0.0,1.0,0.3,0.7222222222222222,0.0
abcrown,combined,margin_hat_min,0.07215643858344378,1.0748234747742516,0.8833333333333333,0.8490566037735849,0.08115846481519234
abcrown,combined,g_ibp,0.8441504615203121,2.3260009476680437,1.0,1.0,0.8510222653440884
abcrown,combined,unstable_fraction,0.26646195575955545,1.3053379278006907,0.9333333333333333,1.0,0.24460412452550262
abcrown,combined,a_tau,-0.07397128827540611,0.9286983579899839,0.7,0.7380952380952381,-0.006944522580771067
abcrown,combined,d_eff,0.2011645194213895,1.2228259338904437,0.9666666666666667,1.0,0.21862864528688575
neuralsat,synthetic,input_dim,0.673809230903997,1.9616956580776679,1.0,0.9833333333333333,0.5593806565950559
neuralsat,synthetic,output_dim,0.2531961118878424,1.2881358708229034,0.9666666666666667,0.9827586206896551,0.3275335163723099
neuralsat,synthetic,n_param_total,0.29806188343125195,1.3472451574530107,0.8,0.9375,0.2670777850471531
neuralsat,synthetic,n_nodes,-0.8894669371855493,0.4108747164191873,1.0,1.0,-0.898201835764925
neuralsat,synthetic,n_gemm_matmul,0.6958709173641314,2.0054548990907066,1.0,1.0,0.6789669512981248
neuralsat,synthetic,n_conv,-0.5056276260605894,0.6031269184401179,1.0,1.0,-0.5004523624057517
neuralsat,synthetic,n_relu,-0.7479236461143427,0.47334837181744166,1.0,1.0,-0.6831914870235657
neuralsat,synthetic,n_add,1.683395659355362,5.383806540273458,1.0,1.0,1.6837227080262511
neuralsat,synthetic,n_mul,-0.4454426746876633,0.6405406621250594,1.0,1.0,-0.43798113167023967
neuralsat,synthetic,n_softmax,-0.4454426746876633,0.6405406621250594,1.0,1.0,-0.43798113167023967
neuralsat,synthetic,n_pow,0.0,1.0,0.8333333333333334,0.5,0.0
neuralsat,synthetic,graph_depth,-0.8845179808275938,0.41291315737651624,1.0,1.0,-0.8821520612947459
neuralsat,synthetic,n_hidden_layers,-0.8044485215297199,0.44733455392376636,1.0,1.0,-0.7951518144212528
neuralsat,synthetic,max_hidden_width,1.3009028461726158,3.672610974001079,1.0,1.0,1.359702260283136
neuralsat,synthetic,onnx_file_bytes,0.2690220413817762,1.3086839859319332,0.8166666666666667,0.9387755102040817,0.2898304900550693
neuralsat,synthetic,arch_MLP,-0.2598959766774287,0.7711317973232575,0.9,0.9814814814814815,-0.29873355698334225
neuralsat,synthetic,arch_CNN,0.5218563979363613,1.6851530624640239,1.0,0.9833333333333333,0.6426166210290529
neuralsat,synthetic,arch_ATTENTION,-0.4454426746876633,0.6405406621250594,1.0,1.0,-0.4379811316702433
neuralsat,synthetic,arch_POLYNOMIAL,0.0,1.0,0.8333333333333334,0.5,0.0
neuralsat,synthetic,arch_HYBRID,0.0,1.0,0.0,0.0,0.0
neuralsat,synthetic,arch_OTHER,0.0,1.0,0.0,0.0,0.0
neuralsat,synthetic,has_conv,0.5218563979363613,1.6851530624640239,1.0,0.9833333333333333,0.6426166210290529
neuralsat,synthetic,has_softmax,-0.4454426746876633,0.6405406621250594,1.0,1.0,-0.4379811316702433
neuralsat,synthetic,has_add_residual,0.36693284499416423,1.4433009909741377,0.9833333333333333,1.0,0.37827645507731067
neuralsat,synthetic,has_pow,0.0,1.0,0.8333333333333334,0.5,0.0
neuralsat,synthetic,margin_hat_min,0.3845247606654754,1.4689160688407072,1.0,0.95,0.5179058683095776
neuralsat,synthetic,g_ibp,0.5876715036677028,1.7997927217134917,1.0,0.9833333333333333,0.688573151953001
neuralsat,synthetic,unstable_fraction,0.40307551809365616,1.496419894174379,0.9166666666666666,0.9454545454545454,0.44409763536932645
neuralsat,synthetic,a_tau,0.9718749206598125,2.642895035438882,0.9333333333333333,0.9642857142857143,0.768479109266123
neuralsat,synthetic,d_eff,0.15108006998790302,1.1630897829383675,0.9666666666666667,0.896551724137931,0.24852783284500737
neuralsat,combined,input_dim,-0.22712556597225828,0.7968207224394862,0.8333333333333334,0.82,-0.10084531688107201
neuralsat,combined,output_dim,-0.3478225291325141,0.7062241993147477,0.7833333333333333,0.9574468085106383,-0.3329861040956108
neuralsat,combined,n_param_total,0.35028438111653937,1.4194711619944658,0.9,1.0,0.32293584756328053
neuralsat,combined,n_nodes,0.0,1.0,0.4166666666666667,0.56,0.0
neuralsat,combined,n_gemm_matmul,-0.4577596172500257,0.6326995479861673,0.6833333333333333,0.975609756097561,-0.1833978088514916
neuralsat,combined,n_conv,0.624711879568491,1.8677077551380636,0.95,1.0,0.5123210970273249
neuralsat,combined,n_relu,0.0,1.0,0.3,0.8333333333333334,0.0
neuralsat,combined,n_add,1.4446366302402918,4.240311062034614,1.0,1.0,1.3597253760559376
neuralsat,combined,n_mul,-0.2821726454009476,0.7541434738908561,1.0,1.0,-0.24144724339621843
neuralsat,combined,n_softmax,-0.2821726454009476,0.7541434738908561,1.0,1.0,-0.24144724339621843
neuralsat,combined,n_pow,0.2222121925764876,1.248836343552763,0.8333333333333334,0.94,0.23308578138470068
neuralsat,combined,graph_depth,0.0,1.0,0.5666666666666667,0.6176470588235294,0.0
neuralsat,combined,n_hidden_layers,0.06563818056656408,1.0678402818945185,0.6666666666666666,0.95,0.07440443204648052
neuralsat,combined,max_hidden_width,1.1791535095657715,3.251620571883103,1.0,1.0,1.37990406185755
neuralsat,combined,onnx_file_bytes,0.48908836349525076,1.6308288189894948,0.9166666666666666,1.0,0.3548486021899345
neuralsat,combined,arch_MLP,0.15055595082180426,1.1624803450142351,0.6666666666666666,0.8,0.01873583265622685
neuralsat,combined,arch_CNN,-0.141455883079089,0.868093472351181,0.65,0.7692307692307693,-0.0028292911149828187
neuralsat,combined,arch_ATTENTION,-0.2821726454009476,0.7541434738908561,1.0,1.0,-0.24144724339621526
neuralsat,combined,arch_POLYNOMIAL,0.2222121925764886,1.2488363435527643,0.8333333333333334,0.94,0.23308578138470248
neuralsat,combined,arch_HYBRID,0.0,1.0,0.0,0.0,0.0
neuralsat,combined,arch_OTHER,0.0,1.0,0.0,0.0,0.0
neuralsat,combined,has_conv,-0.141455883079089,0.868093472351181,0.65,0.7692307692307693,-0.0028292911149828187
neuralsat,combined,has_softmax,-0.2821726454009476,0.7541434738908561,1.0,1.0,-0.24144724339621526
neuralsat,combined,has_add_residual,0.07155930089557216,1.074181848758258,0.8666666666666667,1.0,0.19241382633977033
neuralsat,combined,has_pow,0.2222121925764886,1.2488363435527643,0.8333333333333334,0.94,0.23308578138470248
neuralsat,combined,margin_hat_min,0.6541287672241837,1.9234660005413609,1.0,0.9666666666666667,0.6359290515124796
neuralsat,combined,g_ibp,0.28044691656231535,1.3237212731216292,0.9166666666666666,0.8909090909090909,0.4215352032403572
neuralsat,combined,unstable_fraction,2.0541694188533293,7.800356352370654,1.0,1.0,2.0866020122850193
neuralsat,combined,a_tau,0.31823389002244545,1.3746977517173915,0.9166666666666666,0.9454545454545454,0.3364881596249842
neuralsat,combined,d_eff,0.5432397449423846,1.7215753020296276,0.95,0.9298245614035088,0.49890964791578324
marabou,synthetic,input_dim,0.3210789286328341,1.3786143887485791,1.0,0.9833333333333333,0.3464990998789156
marabou,synthetic,output_dim,0.17344982337150971,1.1894010051399486,1.0,0.8666666666666667,0.16949371239557232
marabou,synthetic,n_param_total,0.9083033250038067,2.4801110192556117,1.0,1.0,0.9037472613120139
marabou,synthetic,n_nodes,-0.48769062217376485,0.6140428148906902,1.0,1.0,-0.47136021325588
marabou,synthetic,n_gemm_matmul,0.1318458245505168,1.140932401940618,1.0,0.9333333333333333,0.1234461258707443
marabou,synthetic,n_conv,-0.3178964205902559,0.7276781569851962,1.0,1.0,-0.3055366234700557
marabou,synthetic,n_relu,-0.5050556446598241,0.6034719944989023,1.0,1.0,-0.47470162026207263
marabou,synthetic,n_add,0.48504737869673886,1.624251961962379,1.0,1.0,0.46919054744861377
marabou,synthetic,n_mul,0.0,1.0,0.0,0.0,0.0
marabou,synthetic,n_softmax,0.0,1.0,0.0,0.0,0.0
marabou,synthetic,n_pow,0.0,1.0,0.0,0.0,0.0
marabou,synthetic,graph_depth,-0.5430177415176796,0.5809923195866546,1.0,1.0,-0.5160581484262903
marabou,synthetic,n_hidden_layers,-0.5050556446598241,0.6034719944989023,1.0,1.0,-0.47470162026207263
marabou,synthetic,max_hidden_width,0.5917182825924265,1.8070908419484173,1.0,0.9833333333333333,0.6111941986335812
marabou,synthetic,onnx_file_bytes,0.8761536269099686,2.401644297951537,1.0,1.0,0.8682676306951043
marabou,synthetic,arch_MLP,-0.2226185029186147,0.8004201490061047,1.0,1.0,-0.21391880211375514
marabou,synthetic,arch_CNN,0.2226185029186157,1.2493438617727426,1.0,1.0,0.21391880211375514
marabou,synthetic,arch_ATTENTION,0.0,1.0,0.0,0.0,0.0
marabou,synthetic,arch_POLYNOMIAL,0.0,1.0,0.0,0.0,0.0
marabou,synthetic,arch_HYBRID,0.0,1.0,0.0,0.0,0.0
marabou,synthetic,arch_OTHER,0.0,1.0,0.0,0.0,0.0
marabou,synthetic,has_conv,0.2226185029186157,1.2493438617727426,1.0,1.0,0.21391880211375514
marabou,synthetic,has_softmax,0.0,1.0,0.0,0.0,0.0
marabou,synthetic,has_add_residual,0.3831153913682662,1.4668472818180018,1.0,1.0,0.376203094350798
marabou,synthetic,has_pow,0.0,1.0,0.0,0.0,0.0
marabou,synthetic,margin_hat_min,0.3243895812361674,1.3831860655048354,1.0,0.8666666666666667,0.2897264943213021
marabou,synthetic,g_ibp,2.6311146953315974,13.88924355127147,1.0,1.0,2.643159093710632
marabou,synthetic,unstable_fraction,1.4411104378562984,4.225385240586539,1.0,1.0,1.471891907121664
marabou,synthetic,a_tau,0.5789010648857679,1.784076768470353,1.0,1.0,0.5560830101550882
marabou,synthetic,d_eff,0.354840263301555,1.4259528590864896,1.0,1.0,0.3802565728853918
marabou,combined,input_dim,-0.08896792089751177,0.9148749214700922,0.9666666666666667,0.6379310344827587,-0.6767979031549309
marabou,combined,output_dim,0.6519719073443613,1.9193218247044637,1.0,0.5666666666666667,-0.3393449833439265
marabou,combined,n_param_total,2.6248820989330675,13.802946707984594,0.9666666666666667,0.9482758620689655,1.6834007022954984
marabou,combined,n_nodes,-1.663666958636448,0.18944302512521863,0.9833333333333333,1.0,-1.4539246014463014
marabou,combined,n_gemm_matmul,-6.1995952660786875,0.002030252181957678,0.9666666666666667,1.0,-3.871045737385744
marabou,combined,n_conv,-0.18677978655666574,0.8296264111596277,0.75,0.5777777777777777,0.0
marabou,combined,n_relu,0.2642595052873116,1.3024661493009904,0.9666666666666667,0.6724137931034483,-0.5223066337973715
marabou,combined,n_add,4.756501854471519,116.33824513938428,1.0,1.0,3.969522280139759
marabou,combined,n_mul,0.0,1.0,0.0,0.0,0.0
marabou,combined,n_softmax,0.0,1.0,0.0,0.0,0.0
marabou,combined,n_pow,0.0,1.0,0.0,0.0,0.0
marabou,combined,graph_depth,-1.8596544092974527,0.15572643867898403,1.0,1.0,-1.6664460510013668
marabou,combined,n_hidden_layers,0.2642595052873116,1.3024661493009904,0.9666666666666667,0.6724137931034483,-0.5223066337973715
marabou,combined,max_hidden_width,0.0,1.0,1.0,0.8,2.2719203795771783
marabou,combined,onnx_file_bytes,0.9509545618727614,2.5881790575798687,0.9,0.9259259259259259,1.0406842613142455
marabou,combined,arch_MLP,0.6428067177987526,1.9018112428577851,0.95,0.543859649122807,0.0030535535710712377
marabou,combined,arch_CNN,-0.6428067177987526,0.5258145379860806,0.95,0.543859649122807,-0.0030535535710712377
marabou,combined,arch_ATTENTION,0.0,1.0,0.0,0.0,0.0
marabou,combined,arch_POLYNOMIAL,0.0,1.0,0.0,0.0,0.0
marabou,combined,arch_HYBRID,0.0,1.0,0.0,0.0,0.0
marabou,combined,arch_OTHER,0.0,1.0,0.0,0.0,0.0
marabou,combined,has_conv,-0.6428067177987526,0.5258145379860806,0.95,0.543859649122807,-0.0030535535710712377
marabou,combined,has_softmax,0.0,1.0,0.0,0.0,0.0
marabou,combined,has_add_residual,0.5765216568711827,1.7798367682544929,1.0,0.85,1.778118242547742
marabou,combined,has_pow,0.0,1.0,0.0,0.0,0.0
marabou,combined,margin_hat_min,0.5181627659452763,1.6789402082645986,1.0,0.9,0.8748407553658
marabou,combined,g_ibp,4.129011347463896,62.116480950952855,1.0,1.0,5.322789000957224
marabou,combined,unstable_fraction,2.349656305944212,10.48196651597782,1.0,1.0,2.893045743447318
marabou,combined,a_tau,0.1700558852437995,1.1853710942219413,0.9833333333333333,0.576271186440678,-0.24477604018168603
marabou,combined,d_eff,-0.9050846089600794,0.404507658682763,0.9666666666666667,0.6206896551724138,0.7406381087176328
nnenum,synthetic,input_dim,1.0769104151873512,2.9355957536535042,1.0,0.9,0.891310998408688
nnenum,synthetic,output_dim,0.7823511946686917,2.1866073659034684,1.0,1.0,0.8094987815416601
nnenum,synthetic,n_param_total,1.2846538119612387,3.6134168189836067,1.0,0.9,1.1342414061431525
nnenum,synthetic,n_nodes,-0.7686241764308012,0.4636505310210141,1.0,0.9666666666666667,-0.6946479535154015
nnenum,synthetic,n_gemm_matmul,-0.7823511946686827,0.457329475603786,1.0,1.0,-0.8094987815416717
nnenum,synthetic,n_conv,0.2586629334066885,1.2951971635480042,1.0,0.95,0.26005486715958304
nnenum,synthetic,n_relu,-0.37625064654084694,0.6864302601082303,1.0,0.8166666666666667,-0.4522456319721696
nnenum,synthetic,n_add,0.0,1.0,0.0,0.0,0.0
nnenum,synthetic,n_mul,0.0,1.0,0.0,0.0,0.0
nnenum,synthetic,n_softmax,0.0,1.0,0.0,0.0,0.0
nnenum,synthetic,n_pow,0.0,1.0,0.0,0.0,0.0
nnenum,synthetic,graph_depth,-0.7686241764308012,0.4636505310210141,1.0,0.9666666666666667,-0.6946479535154015
nnenum,synthetic,n_hidden_layers,-0.37625064654084694,0.6864302601082303,1.0,0.8166666666666667,-0.4522456319721696
nnenum,synthetic,max_hidden_width,-1.163754807967217,0.31231130756519826,1.0,0.5833333333333334,-0.26721902414328347
nnenum,synthetic,onnx_file_bytes,1.4578590683387211,4.296750624593076,1.0,0.9166666666666666,1.1864805121451862
nnenum,synthetic,arch_MLP,-0.7823511946686953,0.4573294756037803,1.0,1.0,-0.8094987815416581
nnenum,synthetic,arch_CNN,0.7823511946686953,2.186607365903476,1.0,1.0,0.809498781541661
nnenum,synthetic,arch_ATTENTION,0.0,1.0,0.0,0.0,0.0
nnenum,synthetic,arch_POLYNOMIAL,0.0,1.0,0.0,0.0,0.0
nnenum,synthetic,arch_HYBRID,0.0,1.0,0.0,0.0,0.0
nnenum,synthetic,arch_OTHER,0.0,1.0,0.0,0.0,0.0
nnenum,synthetic,has_conv,0.7823511946686953,2.186607365903476,1.0,1.0,0.809498781541661
nnenum,synthetic,has_softmax,0.0,1.0,0.0,0.0,0.0
nnenum,synthetic,has_add_residual,0.0,1.0,0.0,0.0,0.0
nnenum,synthetic,has_pow,0.0,1.0,0.0,0.0,0.0
nnenum,synthetic,margin_hat_min,-2.140969608663402,0.11754081915489187,1.0,0.9666666666666667,-1.7746321258809172
nnenum,synthetic,g_ibp,3.6538345434722417,38.62248205089922,1.0,1.0,3.960505472678017
nnenum,synthetic,unstable_fraction,2.061872457226078,7.860674816136141,1.0,1.0,2.6037309855278163
nnenum,synthetic,a_tau,1.2100365305078364,3.353607159284006,1.0,0.9666666666666667,1.2695697619669457
nnenum,synthetic,d_eff,-1.043443102639488,0.3522397939027282,1.0,0.8333333333333334,-0.5627486810706128
nnenum,combined,input_dim,1.9527621042534733,7.048128384856206,1.0,0.9166666666666666,1.5280473702693778
nnenum,combined,output_dim,1.960443724174482,7.102477907198692,0.95,0.8596491228070176,1.3124534275774211
nnenum,combined,n_param_total,1.7772009212519067,5.913281491595401,1.0,0.9833333333333333,1.5725045258863353
nnenum,combined,n_nodes,-1.437095776198609,0.23761685007155792,1.0,1.0,-1.3400833619165062
nnenum,combined,n_gemm_matmul,-5.269703204970501,0.005145137397647907,0.9833333333333333,1.0,-4.460477696921634
nnenum,combined,n_conv,2.9492083052542184,19.090833631092337,0.8333333333333334,1.0,2.158755417466182
nnenum,combined,n_relu,-0.2424890017288793,0.7846723775708143,0.9166666666666666,0.9090909090909091,-0.5680267522164368
nnenum,combined,n_add,0.0,1.0,0.0,0.0,0.0
nnenum,combined,n_mul,0.0,1.0,0.0,0.0,0.0
nnenum,combined,n_softmax,0.0,1.0,0.0,0.0,0.0
nnenum,combined,n_pow,0.0,1.0,0.0,0.0,0.0
nnenum,combined,graph_depth,-1.437095776198609,0.23761685007155792,1.0,1.0,-1.3400833619165062
nnenum,combined,n_hidden_layers,-0.2424890017288793,0.7846723775708143,0.9166666666666666,0.9090909090909091,-0.5680267522164368
nnenum,combined,max_hidden_width,-0.482751432668337,0.6170831910338721,0.9166666666666666,0.509090909090909,0.0
nnenum,combined,onnx_file_bytes,0.8431981576763663,2.323786942394744,0.9666666666666667,0.9827586206896551,1.1738352457803574
nnenum,combined,arch_MLP,1.1231949245088673,3.0746618400901418,0.9166666666666666,0.6545454545454545,0.2671715698994618
nnenum,combined,arch_CNN,-1.1231949245088526,0.32523901879586764,0.9166666666666666,0.6545454545454545,-0.2671715698994602
nnenum,combined,arch_ATTENTION,0.0,1.0,0.0,0.0,0.0
nnenum,combined,arch_POLYNOMIAL,0.0,1.0,0.0,0.0,0.0
nnenum,combined,arch_HYBRID,0.0,1.0,0.0,0.0,0.0
nnenum,combined,arch_OTHER,0.0,1.0,0.0,0.0,0.0
nnenum,combined,has_conv,-1.1231949245088526,0.32523901879586764,0.9166666666666666,0.6545454545454545,-0.2671715698994602
nnenum,combined,has_softmax,0.0,1.0,0.0,0.0,0.0
nnenum,combined,has_add_residual,0.0,1.0,0.0,0.0,0.0
nnenum,combined,has_pow,0.0,1.0,0.0,0.0,0.0
nnenum,combined,margin_hat_min,0.0501309109728451,1.051408728306543,0.8666666666666667,0.6538461538461539,0.07731437459801654
nnenum,combined,g_ibp,4.710784875494732,111.13935623930269,1.0,1.0,5.599222768000557
nnenum,combined,unstable_fraction,2.4223645798021383,11.272482510606226,1.0,1.0,2.552081501461333
nnenum,combined,a_tau,0.09500458958898349,1.0996639021198518,0.9333333333333333,0.5714285714285714,-0.019647098504826647
nnenum,combined,d_eff,-0.17792204637522965,0.8370076687274215,0.9166666666666666,0.5272727272727272,0.0
pyrat,synthetic,input_dim,0.5677076082612315,1.7642181332794644,1.0,0.9666666666666667,0.5420078966444462
pyrat,synthetic,output_dim,-0.32693467168717555,0.721130851749694,1.0,1.0,-0.33053635302862905
pyrat,synthetic,n_param_total,0.6459098091650433,1.9077219028218653,1.0,1.0,0.6387159882829587
pyrat,synthetic,n_nodes,-1.0470045358574918,0.35098754662115794,1.0,1.0,-0.9685267765083738
pyrat,synthetic,n_gemm_matmul,-0.16195398153043952,0.8504803414434204,1.0,1.0,-0.1775314986166796
pyrat,synthetic,n_conv,-0.34931812527160183,0.7051687625792097,1.0,1.0,-0.32257830646580793
pyrat,synthetic,n_relu,-0.7147821169855284,0.48929871006085934,1.0,1.0,-0.7175795446273462
pyrat,synthetic,n_add,0.023168754002487676,1.0234392344424454,1.0,0.7166666666666667,0.017995083721496323
pyrat,synthetic,n_mul,-0.18014106363971907,0.835152393465211,1.0,1.0,-0.16908655511247156
pyrat,synthetic,n_softmax,-0.18014106363971907,0.835152393465211,1.0,1.0,-0.16908655511247156
pyrat,synthetic,n_pow,0.4384466339070963,1.5502971680958026,1.0,1.0,0.4618769662367268
pyrat,synthetic,graph_depth,-1.0953159301619115,0.33443393249017184,1.0,1.0,-1.0267329593229026
pyrat,synthetic,n_hidden_layers,-0.6785670800847583,0.5073434542999355,1.0,1.0,-0.6754187018174604
pyrat,synthetic,max_hidden_width,1.0939858839807024,2.986152841914582,1.0,1.0,1.0895057632723515
pyrat,synthetic,onnx_file_bytes,0.4896130936300427,1.6316847885723826,1.0,0.9833333333333333,0.496923711754756
pyrat,synthetic,arch_MLP,-0.17342084454758003,0.8407837011422008,1.0,0.9166666666666666,-0.24594267793347546
pyrat,synthetic,arch_CNN,-0.013103480336766591,0.9869819965063338,1.0,0.5666666666666667,0.0437805363492519
pyrat,synthetic,arch_ATTENTION,-0.18014106363971952,0.8351523934652105,1.0,1.0,-0.16908655511247178
pyrat,synthetic,arch_POLYNOMIAL,0.4384466339070963,1.5502971680958026,1.0,1.0,0.46187696623672625
pyrat,synthetic,arch_HYBRID,0.0,1.0,0.0,0.0,0.0
pyrat,synthetic,arch_OTHER,0.0,1.0,0.0,0.0,0.0
pyrat,synthetic,has_conv,-0.013103480336766591,0.9869819965063338,1.0,0.5666666666666667,0.0437805363492519
pyrat,synthetic,has_softmax,-0.18014106363971952,0.8351523934652105,1.0,1.0,-0.16908655511247178
pyrat,synthetic,has_add_residual,-0.07922898463393302,0.9238283577249367,1.0,0.9333333333333333,-0.07439241720614992
pyrat,synthetic,has_pow,0.4384466339070963,1.5502971680958026,1.0,1.0,0.46187696623672625
pyrat,synthetic,margin_hat_min,-0.13290897882708608,0.8755447815949603,1.0,0.8333333333333334,-0.07753705968594181
pyrat,synthetic,g_ibp,0.3223852602011336,1.3804164930617155,1.0,0.95,0.3232863361158853
pyrat,synthetic,unstable_fraction,0.42914154893518397,1.5359384294601648,1.0,0.9166666666666666,0.4611709445842167
pyrat,synthetic,a_tau,0.5333833637126885,1.7046901494841975,1.0,0.95,0.434406177395991
pyrat,synthetic,d_eff,0.4573778907851708,1.5799258108609824,1.0,1.0,0.4720370069708488
pyrat,combined,input_dim,0.31700836651351344,1.373014059218085,1.0,0.9833333333333333,0.32727336873785
pyrat,combined,output_dim,-0.35732971463428953,0.6995418105339974,1.0,1.0,-0.3225535316946571
pyrat,combined,n_param_total,0.24629561495280397,1.2792776912646846,1.0,1.0,0.2671071247121717
pyrat,combined,n_nodes,-0.329552261134796,0.7192456956006106,1.0,1.0,-0.35464080723638053
pyrat,combined,n_gemm_matmul,-0.030552583825438424,0.9699094291781438,1.0,0.85,-0.07192949879625325
pyrat,combined,n_conv,-0.05280853373243512,0.9485616126481194,1.0,0.8333333333333334,-0.054208939417508595
pyrat,combined,n_relu,-0.24240183715002797,0.7847407761890667,1.0,1.0,-0.2687023094434305
pyrat,combined,n_add,-0.07371192469777597,0.9289392597578732,1.0,1.0,-0.06124277605408887
pyrat,combined,n_mul,-0.06640105346334492,0.9357555010417475,1.0,1.0,-0.07123754493887201
pyrat,combined,n_softmax,-0.06640105346334492,0.9357555010417475,1.0,1.0,-0.07123754493887201
pyrat,combined,n_pow,0.35501209162906644,1.426197899233193,1.0,1.0,0.33627947391967067
pyrat,combined,graph_depth,-0.3684957688513328,0.6917741365911403,1.0,1.0,-0.3919301070570678
pyrat,combined,n_hidden_layers,-0.16681407697157533,0.8463569539579349,1.0,1.0,-0.19846941604918383
pyrat,combined,max_hidden_width,0.5312165453334162,1.701000394495441,1.0,1.0,0.5367185041485614
pyrat,combined,onnx_file_bytes,0.2520049148728914,1.286602360756366,1.0,1.0,0.2830511945044675
pyrat,combined,arch_MLP,-0.32278413144658813,0.7241301544260925,1.0,1.0,-0.28450399139273475
pyrat,combined,arch_CNN,0.17424205028645937,1.1903436539754757,1.0,0.95,0.14826890165523887
pyrat,combined,arch_ATTENTION,-0.06640105346334489,0.9357555010417475,1.0,1.0,-0.07123754493887202
pyrat,combined,arch_POLYNOMIAL,0.35501209162906655,1.4261978992331932,1.0,1.0,0.3362794739196714
pyrat,combined,arch_HYBRID,0.0,1.0,0.0,0.0,0.0
pyrat,combined,arch_OTHER,0.0,1.0,0.0,0.0,0.0
pyrat,combined,has_conv,0.17424205028645937,1.1903436539754757,1.0,0.95,0.14826890165523887
pyrat,combined,has_softmax,-0.06640105346334489,0.9357555010417475,1.0,1.0,-0.07123754493887202
pyrat,combined,has_add_residual,-0.08751053128329876,0.9162092227411843,1.0,1.0,-0.08232672313544148
pyrat,combined,has_pow,0.35501209162906655,1.4261978992331932,1.0,1.0,0.3362794739196714
pyrat,combined,margin_hat_min,-0.05026670944072298,0.9509757564622402,1.0,0.6833333333333333,-0.029799568332455076
pyrat,combined,g_ibp,0.8518484566491906,2.3439755872134214,1.0,1.0,0.7692475326906576
pyrat,combined,unstable_fraction,0.3638638399320289,1.43887828305453,1.0,0.9166666666666666,0.2711415825018725
pyrat,combined,a_tau,-0.15450132547348638,0.8568423564195186,1.0,0.7833333333333333,-0.13682142154244342
pyrat,combined,d_eff,0.345714818129905,1.4129995964861357,1.0,1.0,0.34385147701034746
